                      :-) GROMACS - gmx mdrun, 2025.2 (-:

Copyright 1991-2025 The GROMACS Authors.
GROMACS is free software; you can redistribute it and/or modify it
under the terms of the GNU Lesser General Public License
as published by the Free Software Foundation; either version 2.1
of the License, or (at your option) any later version.

                         Current GROMACS contributors:
       Mark Abraham           Andrey Alekseenko           Brian Andrews       
      Vladimir Basov              Paul Bauer                Hugh Bird         
      Eliane Briand               Ania Brown              Mahesh Doijade      
      Giacomo Fiorin          Stefan Fleischmann          Sergey Gorelov      
   Gilles Gouaillardet            Alan Gray              M. Eric Irrgang      
   Farzaneh Jalalypour         Petter Johansson          Carsten Kutzner      
    Grzegorz Łazarski         Justin A. Lemkul          Magnus Lundborg      
       Pascal Merz             Vedran Miletić            Dmitry Morozov      
     Lukas Müllender            Julien Nabet             Szilárd Páll      
 Andrea Pasquadibisceglie     Michele Pellegrino         Nicola Piasentin     
     Daniele Rapetti         Muhammad Umair Sadiq         Hubert Santuz       
      Roland Schulz             Michael Shirts           Tatiana Shugaeva     
     Alexey Shvetsov            Philip Turner            Alessandra Villa     
 Sebastian Wingbermühle  

                         Previous GROMACS contributors:
        Emile Apol             Rossen Apostolov           James Barnett       
  Herman J.C. Berendsen         Cathrine Bergh             Par Bjelkmar       
      Christian Blau          Viacheslav Bolnykh            Kevin Boyd        
    Aldert van Buuren          Carlo Camilloni           Rudi van Drunen      
      Anton Feenstra           Oliver Fleetwood            Vytas Gapsys       
       Gaurav Garg             Gerrit Groenhof            Bert de Groot       
      Anca Hamuraru           Vincent Hindriksen          Victor Holanda      
     Aleksei Iupinov              Joe Jordan            Christoph Junghans    
    Prashanth Kanduri        Dimitrios Karkoulis           Peter Kasson       
      Sebastian Kehl           Sebastian Keller             Jiri Kraus        
       Per Larsson              Viveca Lindahl            Erik Marklund       
    Pieter Meulenhoff           Teemu Murtola              Sander Pronk       
      Alfons Sijbers            Balint Soproni         David van der Spoel    
      Peter Tieleman            Carsten Uphoff             Jon Vincent        
     Teemu Virolainen         Christian Wennberg           Maarten Wolf       
      Artem Zhmurov       

                  Coordinated by the GROMACS project leaders:
                           Berk Hess and Erik Lindahl

GROMACS:      gmx mdrun, version 2025.2
Executable:   /home/nanomd/gromacs/bin/gmx
Data prefix:  /home/nanomd/gromacs
Working dir:  /home/nanomd/Desktop/Sakthidhasan/md_pipeline
Process ID:   33392
Command line:
  gmx mdrun -deffnm /home/nanomd/Desktop/Sakthidhasan/md_pipeline/web_jobs/20260820-193119-93455e15/results/equilibration/nvt/nvt -pin on -ntmpi 1 -ntomp 24 -nb gpu -pme gpu -bonded gpu

GROMACS version:     2025.2
Precision:           mixed
Memory model:        64 bit
MPI library:         thread_mpi
OpenMP support:      enabled (GMX_OPENMP_MAX_THREADS = 128)
GPU support:         CUDA
NBNxM GPU setup:     super-cluster 2x2x2 / cluster 8 (cluster-pair splitting on)
SIMD instructions:   AVX2_256
CPU FFT library:     fftw-3.3.10-sse2-avx-avx2-avx2_128
GPU FFT library:     cuFFT
Multi-GPU FFT:       none
RDTSCP usage:        enabled
TNG support:         enabled
Hwloc support:       disabled
Tracing support:     disabled
C compiler:          /usr/bin/cc GNU 13.3.0
C compiler flags:    -fexcess-precision=fast -funroll-all-loops -mavx2 -mfma -Wno-missing-field-initializers -O3 -DNDEBUG
C++ compiler:        /usr/bin/c++ GNU 13.3.0
C++ compiler flags:  -fexcess-precision=fast -funroll-all-loops -mavx2 -mfma -Wno-missing-field-initializers -Wno-cast-function-type-strict SHELL:-fopenmp -O3 -DNDEBUG
BLAS library:        External - detected on the system
LAPACK library:      External - detected on the system
CUDA compiler:       /usr/local/cuda-13.0/bin/nvcc nvcc: NVIDIA (R) Cuda compiler driver;Copyright (c) 2005-2025 NVIDIA Corporation;Built on Wed_Aug_20_01:58:59_PM_PDT_2025;Cuda compilation tools, release 13.0, V13.0.88;Build cuda_13.0.r13.0/compiler.36424714_0
CUDA compiler flags: -O3 -DNDEBUG
CUDA driver:         13.20
CUDA runtime:        13.0


Running on 1 node with total 16 cores, 24 processing units, 1 compatible GPU
Hardware detected on host nanomd-workstation:
  CPU info:
    Vendor: Intel
    Brand:  13th Gen Intel(R) Core(TM) i7-13700
    Family: 6   Model: 183   Stepping: 1
    Features: aes apic avx avx2 clfsh cmov cx8 cx16 f16c fma htt intel lahf mmx msr nonstop_tsc pcid pclmuldq pdcm pdpe1gb popcnt pse rdrnd rdtscp sha sse2 sse3 sse4.1 sse4.2 ssse3 tdt x2apic
  Hardware topology: Basic
    Packages, cores, and logical processors:
    [indices refer to OS logical processors]
      Package  0: [   0   1] [   2   3] [   4   5] [   6   7] [   8   9] [  10  11] [  12  13] [  14  15] [  16] [  17] [  18] [  19] [  20] [  21] [  22] [  23]
    CPU limit set by OS: -1   Recommended max number of threads: 24
  GPU info:
    Number of GPUs detected: 1
    #0: NVIDIA NVIDIA GeForce RTX 3070, compute cap.: 8.6, ECC:  no, stat: compatible


++++ PLEASE READ AND CITE THE FOLLOWING REFERENCE ++++
M. J. Abraham, T. Murtola, R. Schulz, S. Páll, J. C. Smith, B. Hess, E.
Lindahl
GROMACS: High performance molecular simulations through multi-level
parallelism from laptops to supercomputers
SoftwareX (2015)
DOI: 10.1016/j.softx.2015.06.001
-------- -------- --- Thank You --- -------- --------


++++ PLEASE READ AND CITE THE FOLLOWING REFERENCE ++++
S. Páll, M. J. Abraham, C. Kutzner, B. Hess, E. Lindahl
Tackling Exascale Software Challenges in Molecular Dynamics Simulations with
GROMACS
In S. Markidis & E. Laure (Eds.), Solving Software Challenges for Exascale (2015)
DOI: 10.1007/978-3-319-15976-8_1
-------- -------- --- Thank You --- -------- --------


++++ PLEASE READ AND CITE THE FOLLOWING REFERENCE ++++
S. Pronk, S. Páll, R. Schulz, P. Larsson, P. Bjelkmar, R. Apostolov, M. R.
Shirts, J. C. Smith, P. M. Kasson, D. van der Spoel, B. Hess, E. Lindahl
GROMACS 4.5: a high-throughput and highly parallel open source molecular
simulation toolkit
Bioinformatics (2013)
DOI: 10.1093/bioinformatics/btt055
-------- -------- --- Thank You --- -------- --------


++++ PLEASE READ AND CITE THE FOLLOWING REFERENCE ++++
B. Hess, C. Kutzner, D. van der Spoel, E. Lindahl
GROMACS 4: Algorithms for highly efficient, load-balanced, and scalable
molecular simulation
J. Chem. Theory Comput. (2008)
DOI: 10.1021/ct700301q
-------- -------- --- Thank You --- -------- --------


++++ PLEASE READ AND CITE THE FOLLOWING REFERENCE ++++
D. van der Spoel, E. Lindahl, B. Hess, G. Groenhof, A. E. Mark, H. J. C.
Berendsen
GROMACS: Fast, Flexible and Free
J. Comp. Chem. (2005)
DOI: 10.1002/jcc.20291
-------- -------- --- Thank You --- -------- --------


++++ PLEASE READ AND CITE THE FOLLOWING REFERENCE ++++
E. Lindahl, B. Hess, D. van der Spoel
GROMACS 3.0: A package for molecular simulation and trajectory analysis
J. Mol. Mod. (2001)
DOI: 10.1007/s008940100045
-------- -------- --- Thank You --- -------- --------


++++ PLEASE READ AND CITE THE FOLLOWING REFERENCE ++++
H. J. C. Berendsen, D. van der Spoel and R. van Drunen
GROMACS: A message-passing parallel molecular dynamics implementation
Comp. Phys. Comm. (1995)
DOI: 10.1016/0010-4655(95)00042-E
-------- -------- --- Thank You --- -------- --------


++++ PLEASE CITE THE DOI FOR THIS VERSION OF GROMACS ++++
https://doi.org/10.5281/zenodo.15387018
-------- -------- --- Thank You --- -------- --------

Input Parameters:
   integrator                     = md
   tinit                          = 0
   dt                             = 0.002
   nsteps                         = 500000
   init-step                      = 0
   simulation-part                = 1
   mts                            = false
   mass-repartition-factor        = 1
   comm-mode                      = Linear
   nstcomm                        = 100
   bd-fric                        = 0
   ld-seed                        = -293646353
   emtol                          = 10
   emstep                         = 0.01
   niter                          = 20
   fcstep                         = 0
   nstcgsteep                     = 1000
   nbfgscorr                      = 10
   rtpi                           = 0.05
   nstxout                        = 0
   nstvout                        = 0
   nstfout                        = 0
   nstlog                         = 1000
   nstcalcenergy                  = 100
   nstenergy                      = 1000
   nstxout-compressed             = 5000
   compressed-x-precision         = 1000
   cutoff-scheme                  = Verlet
   nstlist                        = 20
   pbc                            = xyz
   periodic-molecules             = false
   verlet-buffer-tolerance        = 0.005
   verlet-buffer-pressure-tolerance = 0.5
   rlist                          = 1.221
   coulombtype                    = PME
   coulomb-modifier               = Potential-shift
   rcoulomb-switch                = 0
   rcoulomb                       = 1.2
   epsilon-r                      = 1
   epsilon-rf                     = inf
   vdw-type                       = Cut-off
   vdw-modifier                   = Force-switch
   rvdw-switch                    = 1
   rvdw                           = 1.2
   DispCorr                       = EnerPres
   table-extension                = 1
   fourierspacing                 = 0.12
   fourier-nx                     = 60
   fourier-ny                     = 60
   fourier-nz                     = 60
   pme-order                      = 4
   ewald-rtol                     = 1e-05
   ewald-rtol-lj                  = 0.001
   lj-pme-comb-rule               = Geometric
   ewald-geometry                 = 3d
   epsilon-surface                = 0
   ensemble-temperature-setting   = constant
   ensemble-temperature           = 300
   tcoupl                         = V-rescale
   nsttcouple                     = 10
   nh-chain-length                = 0
   print-nose-hoover-chain-variables = false
   pcoupl                         = No
   refcoord-scaling               = No
   posres-com: not available
   posres-comB: not available
   QMMM                           = false
qm-opts:
   ngQM                           = 0
   constraint-algorithm           = Lincs
   continuation                   = false
   Shake-SOR                      = false
   shake-tol                      = 0.0001
   lincs-order                    = 4
   lincs-iter                     = 1
   lincs-warnangle                = 30
   nwall                          = 0
   wall-type                      = 9-3
   wall-r-linpot                  = -1
   wall-atomtype[0]               = -1
   wall-atomtype[1]               = -1
   wall-density[0]                = 0
   wall-density[1]                = 0
   wall-ewald-zfac                = 3
   pull                           = false
   awh                            = false
   rotation                       = false
   interactiveMD                  = false
   disre                          = No
   disre-weighting                = Conservative
   disre-mixed                    = false
   dr-fc                          = 1000
   dr-tau                         = 0
   nstdisreout                    = 100
   orire-fc                       = 0
   orire-tau                      = 0
   nstorireout                    = 100
   free-energy                    = no
   cos-acceleration               = 0
   deform (3x3):
      deform[    0]={ 0.00000e+00,  0.00000e+00,  0.00000e+00}
      deform[    1]={ 0.00000e+00,  0.00000e+00,  0.00000e+00}
      deform[    2]={ 0.00000e+00,  0.00000e+00,  0.00000e+00}
   simulated-tempering            = false
   swapcoords                     = no
   userint1                       = 0
   userint2                       = 0
   userint3                       = 0
   userint4                       = 0
   userreal1                      = 0
   userreal2                      = 0
   userreal3                      = 0
   userreal4                      = 0
   applied-forces:
     electric-field:
       x:
         E0                       = 0
         omega                    = 0
         t0                       = 0
         sigma                    = 0
       y:
         E0                       = 0
         omega                    = 0
         t0                       = 0
         sigma                    = 0
       z:
         E0                       = 0
         omega                    = 0
         t0                       = 0
         sigma                    = 0
     density-guided-simulation:
       active                     = false
       group                      = protein
       similarity-measure         = inner-product
       atom-spreading-weight      = unity
       force-constant             = 1e+09
       gaussian-transform-spreading-width = 0.2
       gaussian-transform-spreading-range-in-multiples-of-width = 4
       reference-density-filename = reference.mrc
       nst                        = 1
       normalize-densities        = true
       adaptive-force-scaling     = false
       adaptive-force-scaling-time-constant = 4
       shift-vector               = 
       transformation-matrix      = 
     qmmm-cp2k:
       active                     = false
       qmgroup                    = System
       qmmethod                   = PBE
       qmfilenames                = 
       qmcharge                   = 0
       qmmultiplicity             = 1
     colvars:
       active                     = false
       configfile                 = 
       seed                       = -1
     nnpot:
       active                     = false
       modelfile                  = model.pt
       input-group                = System
       model-input1               = 
       model-input2               = 
       model-input3               = 
       model-input4               = 
grpopts:
   nrdf:     4603.72     44543.3
   ref-t:         300         300
   tau-t:         0.1         0.1
annealing:          No          No
annealing-npoints:           0           0
   acc:	           0           0           0
   nfreeze:           N           N           N
   energygrp-flags[  0]: 0

Changing nstlist from 20 to 100, rlist from 1.221 to 1.341

Update groups can not be used for this system because atoms that are (in)directly constrained together are interdispersed with other atoms

Local state does not use filler particles

1 GPU selected for this run.
Mapping of GPU IDs to the 2 GPU tasks in the 1 rank on this node:
  PP:0,PME:0
PP tasks will do (non-perturbed) short-ranged and most bonded interactions on the GPU
PP task will update and constrain coordinates on the GPU
PME tasks will do all aspects on the GPU
Using 1 MPI thread
Using 24 OpenMP threads 

System total charge: 0.000
Will do PME sum in reciprocal space for electrostatic interactions.

++++ PLEASE READ AND CITE THE FOLLOWING REFERENCE ++++
U. Essmann, L. Perera, M. L. Berkowitz, T. Darden, H. Lee, L. G. Pedersen 
A smooth particle mesh Ewald method
J. Chem. Phys. (1995)
DOI: 10.1063/1.470117
-------- -------- --- Thank You --- -------- --------

Using a Gaussian width (1/beta) of 0.384195 nm for Ewald
Potential shift: LJ r^-12: -2.648e-01 r^-6: -5.349e-01, Ewald -8.333e-06
Initialized non-bonded Coulomb Ewald tables, spacing: 1.02e-03 size: 1176

Generated table with 1170 data points for 1-4 COUL.
Tabscale = 500 points/nm
Generated table with 1170 data points for 1-4 LJ6.
Tabscale = 500 points/nm
Generated table with 1170 data points for 1-4 LJ12.
Tabscale = 500 points/nm
Long Range LJ corr.: <C6> 3.1813e-04


Using GPU 8x4 nonbonded short-range kernels

NBNxM GPU setup: super-cluster 2x2x2

Using a dual 8x4 pair-list setup updated with dynamic, rolling pruning:
  outer list: updated every 100 steps, buffer 0.141 nm, rlist 1.341 nm
  inner list: updated every  12 steps, buffer 0.003 nm, rlist 1.203 nm
At tolerance 0.005 kJ/mol/ps per atom, equivalent classical 1x1 list would be:
  outer list: updated every 100 steps, buffer 0.294 nm, rlist 1.494 nm
  inner list: updated every  12 steps, buffer 0.052 nm, rlist 1.252 nm

The average pressure is off by at most 0.25 bar due to missing LJ interactions
Removing pbc first time

Pinning threads with an auto-selected logical cpu stride of 1

Initializing LINear Constraint Solver

++++ PLEASE READ AND CITE THE FOLLOWING REFERENCE ++++
B. Hess, H. Bekker, H. J. C. Berendsen, J. G. E. M. Fraaije
LINCS: A Linear Constraint Solver for molecular simulations
J. Comp. Chem. (1997)
DOI: 10.1002/(sici)1096-987x(199709)18:12<1463::aid-jcc4>3.0.co;2-h
-------- -------- --- Thank You --- -------- --------

The number of constraints is 905

++++ PLEASE READ AND CITE THE FOLLOWING REFERENCE ++++
S. Miyamoto, P. A. Kollman
SETTLE: An Analytical Version of the SHAKE and RATTLE Algorithms for Rigid
Water Models
J. Comp. Chem. (1992)
DOI: 10.1002/jcc.540130805
-------- -------- --- Thank You --- -------- --------


++++ PLEASE READ AND CITE THE FOLLOWING REFERENCE ++++
G. Bussi, D. Donadio, M. Parrinello
Canonical sampling through velocity rescaling
J. Chem. Phys. (2007)
DOI: 10.1063/1.2408420
-------- -------- --- Thank You --- -------- --------

There are: 24055 Atoms

Updating coordinates and applying constraints on the GPU.

Constraining the starting coordinates (step 0)

Constraining the coordinates at t0-dt (step 0)
Center of mass motion removal mode is Linear
We have the following groups for center of mass motion removal:
  0:  rest
RMS relative constraint deviation after constraining: 2.99e-06
Initial temperature: 299.158 K

Started mdrun on rank 0 Thu Aug 20 19:33:42 2026

           Step           Time
              0        0.00000

   Energies (kJ/mol)
           Bond          Angle    Proper Dih. Per. Imp. Dih.          LJ-14
    2.93923e+02    1.02025e+03    4.68601e+03    8.01234e+01    1.64361e+03
     Coulomb-14        LJ (SR)  Disper. corr.   Coulomb (SR)   Coul. recip.
    2.23159e+04    4.47649e+04   -2.27330e+03   -4.54508e+05    1.90811e+03
 Position Rest.      Potential    Kinetic En.   Total Energy  Conserved En.
    7.81028e-04   -3.80068e+05    6.11302e+04   -3.18938e+05   -3.18938e+05
    Temperature Pres. DC (bar) Pressure (bar)   Constr. rmsd
    2.99195e+02   -1.53528e+02   -4.46140e+03    2.99152e-06

           Step           Time
           1000        2.00000

   Energies (kJ/mol)
           Bond          Angle    Proper Dih. Per. Imp. Dih.          LJ-14
    1.48296e+03    3.75240e+03    5.27188e+03    2.71950e+02    1.87088e+03
     Coulomb-14        LJ (SR)  Disper. corr.   Coulomb (SR)   Coul. recip.
    2.23520e+04    4.17239e+04   -2.27330e+03   -4.02062e+05    1.34914e+03
 Position Rest.      Potential    Kinetic En.   Total Energy  Conserved En.
    5.22610e+02   -3.25738e+05    6.13525e+04   -2.64385e+05   -3.18303e+05
    Temperature Pres. DC (bar) Pressure (bar)   Constr. rmsd
    3.00283e+02   -1.53528e+02   -1.85015e+02    2.99152e-06

           Step           Time
           2000        4.00000

   Energies (kJ/mol)
           Bond          Angle    Proper Dih. Per. Imp. Dih.          LJ-14
    1.55984e+03    3.70601e+03    5.37490e+03    2.48578e+02    1.84213e+03
     Coulomb-14        LJ (SR)  Disper. corr.   Coulomb (SR)   Coul. recip.
    2.22554e+04    4.23134e+04   -2.27330e+03   -4.01067e+05    1.28973e+03
 Position Rest.      Potential    Kinetic En.   Total Energy  Conserved En.
    5.50864e+02   -3.24199e+05    6.14633e+04   -2.62736e+05   -3.18304e+05
    Temperature Pres. DC (bar) Pressure (bar)   Constr. rmsd
    3.00826e+02   -1.53528e+02    6.13268e+01    2.99152e-06

           Step           Time
           3000        6.00000

   Energies (kJ/mol)
           Bond          Angle    Proper Dih. Per. Imp. Dih.          LJ-14
    1.49705e+03    3.59961e+03    5.24419e+03    2.48891e+02    1.91700e+03
     Coulomb-14        LJ (SR)  Disper. corr.   Coulomb (SR)   Coul. recip.
    2.23178e+04    4.12167e+04   -2.27330e+03   -4.01689e+05    1.35887e+03
 Position Rest.      Potential    Kinetic En.   Total Energy  Conserved En.
    5.06362e+02   -3.26056e+05    6.16902e+04   -2.64366e+05   -3.18316e+05
    Temperature Pres. DC (bar) Pressure (bar)   Constr. rmsd
    3.01936e+02   -1.53528e+02   -1.75283e+02    2.99152e-06

           Step           Time
           4000        8.00000

   Energies (kJ/mol)
           Bond          Angle    Proper Dih. Per. Imp. Dih.          LJ-14
    1.56666e+03    3.83438e+03    5.25515e+03    2.52721e+02    1.85788e+03
     Coulomb-14        LJ (SR)  Disper. corr.   Coulomb (SR)   Coul. recip.
    2.19942e+04    4.11069e+04   -2.27330e+03   -4.01426e+05    1.35392e+03
 Position Rest.      Potential    Kinetic En.   Total Energy  Conserved En.
    5.75934e+02   -3.25901e+05    6.12076e+04   -2.64694e+05   -3.18307e+05
    Temperature Pres. DC (bar) Pressure (bar)   Constr. rmsd
    2.99574e+02   -1.53528e+02   -4.39070e+02    2.99152e-06

           Step           Time
           5000       10.00000

   Energies (kJ/mol)
           Bond          Angle    Proper Dih. Per. Imp. Dih.          LJ-14
    1.56027e+03    3.70888e+03    5.27852e+03    2.83267e+02    1.83858e+03
     Coulomb-14        LJ (SR)  Disper. corr.   Coulomb (SR)   Coul. recip.
    2.23181e+04    4.18977e+04   -2.27330e+03   -4.03213e+05    1.36024e+03
 Position Rest.      Potential    Kinetic En.   Total Energy  Conserved En.
    5.14842e+02   -3.26726e+05    6.08547e+04   -2.65871e+05   -3.18299e+05
    Temperature Pres. DC (bar) Pressure (bar)   Constr. rmsd
    2.97847e+02   -1.53528e+02    2.12329e+02    2.99152e-06

           Step           Time
           6000       12.00000

   Energies (kJ/mol)
           Bond          Angle    Proper Dih. Per. Imp. Dih.          LJ-14
    1.50953e+03    3.84578e+03    5.18896e+03    2.28696e+02    1.87488e+03
     Coulomb-14        LJ (SR)  Disper. corr.   Coulomb (SR)   Coul. recip.
    2.22290e+04    4.11330e+04   -2.27330e+03   -4.01986e+05    1.24783e+03
 Position Rest.      Potential    Kinetic En.   Total Energy  Conserved En.
    4.95171e+02   -3.26506e+05    6.15781e+04   -2.64928e+05   -3.18322e+05
    Temperature Pres. DC (bar) Pressure (bar)   Constr. rmsd
    3.01388e+02   -1.53528e+02   -3.36337e+02    2.99152e-06

           Step           Time
           7000       14.00000

   Energies (kJ/mol)
           Bond          Angle    Proper Dih. Per. Imp. Dih.          LJ-14
    1.50499e+03    3.81168e+03    5.22778e+03    2.71717e+02    1.82570e+03
     Coulomb-14        LJ (SR)  Disper. corr.   Coulomb (SR)   Coul. recip.
    2.22590e+04    4.10172e+04   -2.27330e+03   -4.01625e+05    1.32252e+03
 Position Rest.      Potential    Kinetic En.   Total Energy  Conserved En.
    5.13060e+02   -3.26145e+05    6.20929e+04   -2.64052e+05   -3.18342e+05
    Temperature Pres. DC (bar) Pressure (bar)   Constr. rmsd
    3.03907e+02   -1.53528e+02   -9.84004e+01    2.99152e-06

           Step           Time
           8000       16.00000

   Energies (kJ/mol)
           Bond          Angle    Proper Dih. Per. Imp. Dih.          LJ-14
    1.43632e+03    3.79450e+03    5.17863e+03    2.38132e+02    1.83464e+03
     Coulomb-14        LJ (SR)  Disper. corr.   Coulomb (SR)   Coul. recip.
    2.22573e+04    4.13947e+04   -2.27330e+03   -4.02408e+05    1.30333e+03
 Position Rest.      Potential    Kinetic En.   Total Energy  Conserved En.
    4.70394e+02   -3.26774e+05    6.07687e+04   -2.66005e+05   -3.18333e+05
    Temperature Pres. DC (bar) Pressure (bar)   Constr. rmsd
    2.97426e+02   -1.53528e+02   -7.62377e+02    2.99152e-06

           Step           Time
           9000       18.00000

   Energies (kJ/mol)
           Bond          Angle    Proper Dih. Per. Imp. Dih.          LJ-14
    1.50319e+03    3.82661e+03    5.21288e+03    2.67550e+02    1.83315e+03
     Coulomb-14        LJ (SR)  Disper. corr.   Coulomb (SR)   Coul. recip.
    2.23390e+04    4.19564e+04   -2.27330e+03   -4.03659e+05    1.29025e+03
 Position Rest.      Potential    Kinetic En.   Total Energy  Conserved En.
    4.83441e+02   -3.27219e+05    6.10695e+04   -2.66150e+05   -3.18319e+05
    Temperature Pres. DC (bar) Pressure (bar)   Constr. rmsd
    2.98898e+02   -1.53528e+02   -5.35767e+02    2.99152e-06

           Step           Time
          10000       20.00000

   Energies (kJ/mol)
           Bond          Angle    Proper Dih. Per. Imp. Dih.          LJ-14
    1.56792e+03    3.73746e+03    5.16292e+03    2.51007e+02    1.80929e+03
     Coulomb-14        LJ (SR)  Disper. corr.   Coulomb (SR)   Coul. recip.
    2.22564e+04    4.15009e+04   -2.27330e+03   -4.02695e+05    1.31156e+03
 Position Rest.      Potential    Kinetic En.   Total Energy  Conserved En.
    4.51834e+02   -3.26919e+05    6.11790e+04   -2.65740e+05   -3.18324e+05
    Temperature Pres. DC (bar) Pressure (bar)   Constr. rmsd
    2.99434e+02   -1.53528e+02   -5.45894e+02    2.99152e-06

           Step           Time
          11000       22.00000

   Energies (kJ/mol)
           Bond          Angle    Proper Dih. Per. Imp. Dih.          LJ-14
    1.44282e+03    3.86449e+03    5.28889e+03    2.57495e+02    1.90418e+03
     Coulomb-14        LJ (SR)  Disper. corr.   Coulomb (SR)   Coul. recip.
    2.23918e+04    4.12832e+04   -2.27330e+03   -4.02493e+05    1.31228e+03
 Position Rest.      Potential    Kinetic En.   Total Energy  Conserved En.
    4.69399e+02   -3.26552e+05    6.20756e+04   -2.64476e+05   -3.18323e+05
    Temperature Pres. DC (bar) Pressure (bar)   Constr. rmsd
    3.03822e+02   -1.53528e+02   -5.89710e+02    2.99152e-06

           Step           Time
          12000       24.00000

   Energies (kJ/mol)
           Bond          Angle    Proper Dih. Per. Imp. Dih.          LJ-14
    1.58172e+03    3.73065e+03    5.19653e+03    2.39118e+02    1.82683e+03
     Coulomb-14        LJ (SR)  Disper. corr.   Coulomb (SR)   Coul. recip.
    2.24158e+04    4.24788e+04   -2.27330e+03   -4.03969e+05    1.36565e+03
 Position Rest.      Potential    Kinetic En.   Total Energy  Conserved En.
    4.72668e+02   -3.26935e+05    6.17760e+04   -2.65159e+05   -3.18348e+05
    Temperature Pres. DC (bar) Pressure (bar)   Constr. rmsd
    3.02356e+02   -1.53528e+02   -4.08555e+02    2.99152e-06

           Step           Time
          13000       26.00000

   Energies (kJ/mol)
           Bond          Angle    Proper Dih. Per. Imp. Dih.          LJ-14
    1.45541e+03    3.72100e+03    5.30983e+03    2.54317e+02    1.82193e+03
     Coulomb-14        LJ (SR)  Disper. corr.   Coulomb (SR)   Coul. recip.
    2.22918e+04    4.23071e+04   -2.27330e+03   -4.04724e+05    1.32923e+03
 Position Rest.      Potential    Kinetic En.   Total Energy  Conserved En.
    5.15965e+02   -3.27990e+05    6.07492e+04   -2.67241e+05   -3.18332e+05
    Temperature Pres. DC (bar) Pressure (bar)   Constr. rmsd
    2.97330e+02   -1.53528e+02   -3.77440e+02    2.99152e-06

step 14000: timed with pme grid 60 60 60, coulomb cutoff 1.200: 74.2 M-cycles
           Step           Time
          14000       28.00000

   Energies (kJ/mol)
           Bond          Angle    Proper Dih. Per. Imp. Dih.          LJ-14
    1.54695e+03    3.74317e+03    5.30244e+03    2.67006e+02    1.89520e+03
     Coulomb-14        LJ (SR)  Disper. corr.   Coulomb (SR)   Coul. recip.
    2.23415e+04    4.14715e+04   -2.27330e+03   -4.01587e+05    9.15132e+02
 Position Rest.      Potential    Kinetic En.   Total Energy  Conserved En.
    4.97752e+02   -3.25880e+05    6.13120e+04   -2.64568e+05   -3.18354e+05
    Temperature Pres. DC (bar) Pressure (bar)   Constr. rmsd
    3.00085e+02   -1.53528e+02   -5.14338e+02    2.99152e-06

step 14200: timed with pme grid 52 52 52, coulomb cutoff 1.353: 92.5 M-cycles
step 14400: timed with pme grid 56 56 56, coulomb cutoff 1.256: 83.2 M-cycles
step 14600: timed with pme grid 60 60 60, coulomb cutoff 1.200: 77.4 M-cycles
              optimal pme grid 60 60 60, coulomb cutoff 1.200
           Step           Time
          15000       30.00000

   Energies (kJ/mol)
           Bond          Angle    Proper Dih. Per. Imp. Dih.          LJ-14
    1.49605e+03    3.69046e+03    5.27370e+03    2.50192e+02    1.81848e+03
     Coulomb-14        LJ (SR)  Disper. corr.   Coulomb (SR)   Coul. recip.
    2.24480e+04    4.14944e+04   -2.27330e+03   -4.02347e+05    1.37610e+03
 Position Rest.      Potential    Kinetic En.   Total Energy  Conserved En.
    4.75143e+02   -3.26298e+05    6.11842e+04   -2.65114e+05   -3.18366e+05
    Temperature Pres. DC (bar) Pressure (bar)   Constr. rmsd
    2.99460e+02   -1.53528e+02   -1.70393e+02    2.99152e-06

           Step           Time
          16000       32.00000

   Energies (kJ/mol)
           Bond          Angle    Proper Dih. Per. Imp. Dih.          LJ-14
    1.51688e+03    3.78762e+03    5.26303e+03    2.38794e+02    1.80588e+03
     Coulomb-14        LJ (SR)  Disper. corr.   Coulomb (SR)   Coul. recip.
    2.22232e+04    4.04212e+04   -2.27330e+03   -4.02150e+05    1.30322e+03
 Position Rest.      Potential    Kinetic En.   Total Energy  Conserved En.
    5.51543e+02   -3.27312e+05    6.07968e+04   -2.66515e+05   -3.18348e+05
    Temperature Pres. DC (bar) Pressure (bar)   Constr. rmsd
    2.97564e+02   -1.53528e+02   -1.10304e+03    2.99152e-06

           Step           Time
          17000       34.00000

   Energies (kJ/mol)
           Bond          Angle    Proper Dih. Per. Imp. Dih.          LJ-14
    1.52316e+03    3.80230e+03    5.17851e+03    2.64321e+02    1.89939e+03
     Coulomb-14        LJ (SR)  Disper. corr.   Coulomb (SR)   Coul. recip.
    2.23183e+04    4.15973e+04   -2.27330e+03   -4.02448e+05    1.34760e+03
 Position Rest.      Potential    Kinetic En.   Total Energy  Conserved En.
    5.21808e+02   -3.26269e+05    6.24442e+04   -2.63824e+05   -3.18352e+05
    Temperature Pres. DC (bar) Pressure (bar)   Constr. rmsd
    3.05626e+02   -1.53528e+02    2.41811e+00    2.99152e-06

           Step           Time
          18000       36.00000

   Energies (kJ/mol)
           Bond          Angle    Proper Dih. Per. Imp. Dih.          LJ-14
    1.52230e+03    3.75270e+03    5.35741e+03    2.90941e+02    1.83764e+03
     Coulomb-14        LJ (SR)  Disper. corr.   Coulomb (SR)   Coul. recip.
    2.22079e+04    4.16749e+04   -2.27330e+03   -4.02562e+05    1.30841e+03
 Position Rest.      Potential    Kinetic En.   Total Energy  Conserved En.
    4.73803e+02   -3.26409e+05    6.15517e+04   -2.64858e+05   -3.18369e+05
    Temperature Pres. DC (bar) Pressure (bar)   Constr. rmsd
    3.01258e+02   -1.53528e+02   -2.49759e+02    2.99152e-06

           Step           Time
          19000       38.00000

   Energies (kJ/mol)
           Bond          Angle    Proper Dih. Per. Imp. Dih.          LJ-14
    1.45308e+03    3.75328e+03    5.22578e+03    2.64048e+02    1.85536e+03
     Coulomb-14        LJ (SR)  Disper. corr.   Coulomb (SR)   Coul. recip.
    2.22650e+04    4.08263e+04   -2.27330e+03   -4.01741e+05    1.35546e+03
 Position Rest.      Potential    Kinetic En.   Total Energy  Conserved En.
    4.68852e+02   -3.26547e+05    6.16230e+04   -2.64924e+05   -3.18368e+05
    Temperature Pres. DC (bar) Pressure (bar)   Constr. rmsd
    3.01607e+02   -1.53528e+02   -5.57317e+02    2.99152e-06

           Step           Time
          20000       40.00000

   Energies (kJ/mol)
           Bond          Angle    Proper Dih. Per. Imp. Dih.          LJ-14
    1.41415e+03    3.74926e+03    5.23624e+03    2.64034e+02    1.85245e+03
     Coulomb-14        LJ (SR)  Disper. corr.   Coulomb (SR)   Coul. recip.
    2.23419e+04    4.14924e+04   -2.27330e+03   -4.02693e+05    1.36619e+03
 Position Rest.      Potential    Kinetic En.   Total Energy  Conserved En.
    4.88613e+02   -3.26761e+05    6.15361e+04   -2.65225e+05   -3.18368e+05
    Temperature Pres. DC (bar) Pressure (bar)   Constr. rmsd
    3.01182e+02   -1.53528e+02   -3.60717e+02    2.99152e-06

           Step           Time
          21000       42.00000

   Energies (kJ/mol)
           Bond          Angle    Proper Dih. Per. Imp. Dih.          LJ-14
    1.63029e+03    3.68444e+03    5.20892e+03    2.79722e+02    1.82630e+03
     Coulomb-14        LJ (SR)  Disper. corr.   Coulomb (SR)   Coul. recip.
    2.23847e+04    4.11028e+04   -2.27330e+03   -4.01786e+05    1.32063e+03
 Position Rest.      Potential    Kinetic En.   Total Energy  Conserved En.
    4.65878e+02   -3.26156e+05    6.08321e+04   -2.65324e+05   -3.18344e+05
    Temperature Pres. DC (bar) Pressure (bar)   Constr. rmsd
    2.97736e+02   -1.53528e+02   -1.64332e+02    2.99152e-06

           Step           Time
          22000       44.00000

   Energies (kJ/mol)
           Bond          Angle    Proper Dih. Per. Imp. Dih.          LJ-14
    1.53115e+03    4.00728e+03    5.26902e+03    2.65012e+02    1.81970e+03
     Coulomb-14        LJ (SR)  Disper. corr.   Coulomb (SR)   Coul. recip.
    2.23254e+04    4.22294e+04   -2.27330e+03   -4.02737e+05    1.31876e+03
 Position Rest.      Potential    Kinetic En.   Total Energy  Conserved En.
    5.00122e+02   -3.25745e+05    6.11678e+04   -2.64577e+05   -3.18345e+05
    Temperature Pres. DC (bar) Pressure (bar)   Constr. rmsd
    2.99379e+02   -1.53528e+02   -5.44931e+02    2.99152e-06

           Step           Time
          23000       46.00000

   Energies (kJ/mol)
           Bond          Angle    Proper Dih. Per. Imp. Dih.          LJ-14
    1.48702e+03    3.70910e+03    5.31160e+03    2.87412e+02    1.81620e+03
     Coulomb-14        LJ (SR)  Disper. corr.   Coulomb (SR)   Coul. recip.
    2.22071e+04    4.16431e+04   -2.27330e+03   -4.02644e+05    1.33113e+03
 Position Rest.      Potential    Kinetic En.   Total Energy  Conserved En.
    4.35919e+02   -3.26689e+05    6.11581e+04   -2.65530e+05   -3.18367e+05
    Temperature Pres. DC (bar) Pressure (bar)   Constr. rmsd
    2.99332e+02   -1.53528e+02   -3.34536e+02    2.99152e-06

           Step           Time
          24000       48.00000

   Energies (kJ/mol)
           Bond          Angle    Proper Dih. Per. Imp. Dih.          LJ-14
    1.56943e+03    3.92294e+03    5.25088e+03    2.72392e+02    1.87986e+03
     Coulomb-14        LJ (SR)  Disper. corr.   Coulomb (SR)   Coul. recip.
    2.23111e+04    4.15575e+04   -2.27330e+03   -4.02068e+05    1.36666e+03
 Position Rest.      Potential    Kinetic En.   Total Energy  Conserved En.
    5.09582e+02   -3.25701e+05    6.18905e+04   -2.63811e+05   -3.18362e+05
    Temperature Pres. DC (bar) Pressure (bar)   Constr. rmsd
    3.02916e+02   -1.53528e+02   -5.38032e+02    2.99152e-06

           Step           Time
          25000       50.00000

   Energies (kJ/mol)
           Bond          Angle    Proper Dih. Per. Imp. Dih.          LJ-14
    1.49998e+03    3.60169e+03    5.19417e+03    2.55343e+02    1.86175e+03
     Coulomb-14        LJ (SR)  Disper. corr.   Coulomb (SR)   Coul. recip.
    2.22762e+04    4.16074e+04   -2.27330e+03   -4.02126e+05    1.32069e+03
 Position Rest.      Potential    Kinetic En.   Total Energy  Conserved En.
    5.20362e+02   -3.26262e+05    6.09569e+04   -2.65305e+05   -3.18379e+05
    Temperature Pres. DC (bar) Pressure (bar)   Constr. rmsd
    2.98347e+02   -1.53528e+02   -8.93619e+02    2.99152e-06

           Step           Time
          26000       52.00000

   Energies (kJ/mol)
           Bond          Angle    Proper Dih. Per. Imp. Dih.          LJ-14
    1.42325e+03    3.82301e+03    5.21250e+03    2.59155e+02    1.82279e+03
     Coulomb-14        LJ (SR)  Disper. corr.   Coulomb (SR)   Coul. recip.
    2.23613e+04    4.16779e+04   -2.27330e+03   -4.02478e+05    1.34308e+03
 Position Rest.      Potential    Kinetic En.   Total Energy  Conserved En.
    4.88853e+02   -3.26339e+05    6.08268e+04   -2.65512e+05   -3.18374e+05
    Temperature Pres. DC (bar) Pressure (bar)   Constr. rmsd
    2.97710e+02   -1.53528e+02    1.02437e+02    2.99152e-06

           Step           Time
          27000       54.00000

   Energies (kJ/mol)
           Bond          Angle    Proper Dih. Per. Imp. Dih.          LJ-14
    1.44445e+03    3.75875e+03    5.23612e+03    2.24107e+02    1.93348e+03
     Coulomb-14        LJ (SR)  Disper. corr.   Coulomb (SR)   Coul. recip.
    2.23954e+04    4.23277e+04   -2.27330e+03   -4.02761e+05    1.30195e+03
 Position Rest.      Potential    Kinetic En.   Total Energy  Conserved En.
    4.43576e+02   -3.25969e+05    6.11884e+04   -2.64781e+05   -3.18390e+05
    Temperature Pres. DC (bar) Pressure (bar)   Constr. rmsd
    2.99480e+02   -1.53528e+02    1.43880e+01    2.99152e-06

           Step           Time
          28000       56.00000

   Energies (kJ/mol)
           Bond          Angle    Proper Dih. Per. Imp. Dih.          LJ-14
    1.35978e+03    3.62627e+03    5.18298e+03    2.73721e+02    1.93551e+03
     Coulomb-14        LJ (SR)  Disper. corr.   Coulomb (SR)   Coul. recip.
    2.25009e+04    4.15100e+04   -2.27330e+03   -4.02652e+05    1.35074e+03
 Position Rest.      Potential    Kinetic En.   Total Energy  Conserved En.
    4.97294e+02   -3.26688e+05    6.10361e+04   -2.65652e+05   -3.18410e+05
    Temperature Pres. DC (bar) Pressure (bar)   Constr. rmsd
    2.98735e+02   -1.53528e+02    3.06826e+02    2.99152e-06

           Step           Time
          29000       58.00000

   Energies (kJ/mol)
           Bond          Angle    Proper Dih. Per. Imp. Dih.          LJ-14
    1.51518e+03    3.79094e+03    5.28893e+03    3.17150e+02    1.81812e+03
     Coulomb-14        LJ (SR)  Disper. corr.   Coulomb (SR)   Coul. recip.
    2.24155e+04    4.15589e+04   -2.27330e+03   -4.02682e+05    1.32026e+03
 Position Rest.      Potential    Kinetic En.   Total Energy  Conserved En.
    4.88128e+02   -3.26442e+05    6.10527e+04   -2.65389e+05   -3.18394e+05
    Temperature Pres. DC (bar) Pressure (bar)   Constr. rmsd
    2.98816e+02   -1.53528e+02   -6.02642e+02    2.99152e-06

           Step           Time
          30000       60.00000

   Energies (kJ/mol)
           Bond          Angle    Proper Dih. Per. Imp. Dih.          LJ-14
    1.54076e+03    3.81451e+03    5.19502e+03    2.71389e+02    1.85904e+03
     Coulomb-14        LJ (SR)  Disper. corr.   Coulomb (SR)   Coul. recip.
    2.23664e+04    4.20873e+04   -2.27330e+03   -4.02696e+05    1.36399e+03
 Position Rest.      Potential    Kinetic En.   Total Energy  Conserved En.
    4.92430e+02   -3.25979e+05    6.17354e+04   -2.64243e+05   -3.18395e+05
    Temperature Pres. DC (bar) Pressure (bar)   Constr. rmsd
    3.02157e+02   -1.53528e+02   -4.92103e+01    2.99152e-06

           Step           Time
          31000       62.00000

   Energies (kJ/mol)
           Bond          Angle    Proper Dih. Per. Imp. Dih.          LJ-14
    1.54858e+03    3.79234e+03    5.20963e+03    2.83854e+02    1.84372e+03
     Coulomb-14        LJ (SR)  Disper. corr.   Coulomb (SR)   Coul. recip.
    2.24260e+04    4.17349e+04   -2.27330e+03   -4.03436e+05    1.29864e+03
 Position Rest.      Potential    Kinetic En.   Total Energy  Conserved En.
    4.85561e+02   -3.27086e+05    6.17047e+04   -2.65382e+05   -3.18392e+05
    Temperature Pres. DC (bar) Pressure (bar)   Constr. rmsd
    3.02007e+02   -1.53528e+02   -1.71601e+02    2.99152e-06

           Step           Time
          32000       64.00000

   Energies (kJ/mol)
           Bond          Angle    Proper Dih. Per. Imp. Dih.          LJ-14
    1.56715e+03    3.74248e+03    5.21107e+03    2.46332e+02    1.82498e+03
     Coulomb-14        LJ (SR)  Disper. corr.   Coulomb (SR)   Coul. recip.
    2.23337e+04    4.12576e+04   -2.27330e+03   -4.02525e+05    1.32702e+03
 Position Rest.      Potential    Kinetic En.   Total Energy  Conserved En.
    4.98752e+02   -3.26789e+05    6.11352e+04   -2.65654e+05   -3.18399e+05
    Temperature Pres. DC (bar) Pressure (bar)   Constr. rmsd
    2.99220e+02   -1.53528e+02   -3.34585e+01    2.99152e-06

           Step           Time
          33000       66.00000

   Energies (kJ/mol)
           Bond          Angle    Proper Dih. Per. Imp. Dih.          LJ-14
    1.51695e+03    3.76227e+03    5.24541e+03    2.96280e+02    1.84454e+03
     Coulomb-14        LJ (SR)  Disper. corr.   Coulomb (SR)   Coul. recip.
    2.23091e+04    4.09114e+04   -2.27330e+03   -4.00741e+05    1.29483e+03
 Position Rest.      Potential    Kinetic En.   Total Energy  Conserved En.
    4.94661e+02   -3.25339e+05    6.05305e+04   -2.64809e+05   -3.18388e+05
    Temperature Pres. DC (bar) Pressure (bar)   Constr. rmsd
    2.96260e+02   -1.53528e+02   -8.29505e+02    2.99152e-06

           Step           Time
          34000       68.00000

   Energies (kJ/mol)
           Bond          Angle    Proper Dih. Per. Imp. Dih.          LJ-14
    1.42373e+03    3.79160e+03    5.30284e+03    2.81951e+02    1.82931e+03
     Coulomb-14        LJ (SR)  Disper. corr.   Coulomb (SR)   Coul. recip.
    2.22030e+04    4.27569e+04   -2.27330e+03   -4.04866e+05    1.34350e+03
 Position Rest.      Potential    Kinetic En.   Total Energy  Conserved En.
    4.45201e+02   -3.27761e+05    6.08983e+04   -2.66863e+05   -3.18390e+05
    Temperature Pres. DC (bar) Pressure (bar)   Constr. rmsd
    2.98060e+02   -1.53528e+02   -7.80075e+01    2.99152e-06

           Step           Time
          35000       70.00000

   Energies (kJ/mol)
           Bond          Angle    Proper Dih. Per. Imp. Dih.          LJ-14
    1.51295e+03    3.73613e+03    5.22087e+03    2.47696e+02    1.85129e+03
     Coulomb-14        LJ (SR)  Disper. corr.   Coulomb (SR)   Coul. recip.
    2.23240e+04    4.02699e+04   -2.27330e+03   -4.01087e+05    1.31988e+03
 Position Rest.      Potential    Kinetic En.   Total Energy  Conserved En.
    4.64986e+02   -3.26413e+05    6.18330e+04   -2.64580e+05   -3.18406e+05
    Temperature Pres. DC (bar) Pressure (bar)   Constr. rmsd
    3.02635e+02   -1.53528e+02   -5.73252e+02    2.99152e-06

           Step           Time
          36000       72.00000

   Energies (kJ/mol)
           Bond          Angle    Proper Dih. Per. Imp. Dih.          LJ-14
    1.58189e+03    3.81300e+03    5.26029e+03    2.32728e+02    1.87052e+03
     Coulomb-14        LJ (SR)  Disper. corr.   Coulomb (SR)   Coul. recip.
    2.24335e+04    4.17789e+04   -2.27330e+03   -4.02502e+05    1.27712e+03
 Position Rest.      Potential    Kinetic En.   Total Energy  Conserved En.
    5.23477e+02   -3.26004e+05    6.18155e+04   -2.64188e+05   -3.18406e+05
    Temperature Pres. DC (bar) Pressure (bar)   Constr. rmsd
    3.02549e+02   -1.53528e+02   -6.75526e+02    2.99152e-06

           Step           Time
          37000       74.00000

   Energies (kJ/mol)
           Bond          Angle    Proper Dih. Per. Imp. Dih.          LJ-14
    1.37685e+03    3.67845e+03    5.26936e+03    2.73806e+02    1.89825e+03
     Coulomb-14        LJ (SR)  Disper. corr.   Coulomb (SR)   Coul. recip.
    2.24725e+04    4.14792e+04   -2.27330e+03   -4.02619e+05    1.33098e+03
 Position Rest.      Potential    Kinetic En.   Total Energy  Conserved En.
    5.27161e+02   -3.26585e+05    6.16354e+04   -2.64950e+05   -3.18410e+05
    Temperature Pres. DC (bar) Pressure (bar)   Constr. rmsd
    3.01668e+02   -1.53528e+02   -2.78653e+02    2.99152e-06

           Step           Time
          38000       76.00000

   Energies (kJ/mol)
           Bond          Angle    Proper Dih. Per. Imp. Dih.          LJ-14
    1.56956e+03    3.87114e+03    5.32677e+03    2.12861e+02    1.80562e+03
     Coulomb-14        LJ (SR)  Disper. corr.   Coulomb (SR)   Coul. recip.
    2.24518e+04    4.12377e+04   -2.27330e+03   -4.01617e+05    1.30390e+03
 Position Rest.      Potential    Kinetic En.   Total Energy  Conserved En.
    4.89687e+02   -3.25621e+05    6.10326e+04   -2.64589e+05   -3.18399e+05
    Temperature Pres. DC (bar) Pressure (bar)   Constr. rmsd
    2.98718e+02   -1.53528e+02   -5.40798e+02    2.99152e-06

           Step           Time
          39000       78.00000

   Energies (kJ/mol)
           Bond          Angle    Proper Dih. Per. Imp. Dih.          LJ-14
    1.52697e+03    3.80913e+03    5.19263e+03    2.46771e+02    1.81717e+03
     Coulomb-14        LJ (SR)  Disper. corr.   Coulomb (SR)   Coul. recip.
    2.21714e+04    4.18305e+04   -2.27330e+03   -4.02663e+05    1.30244e+03
 Position Rest.      Potential    Kinetic En.   Total Energy  Conserved En.
    5.04455e+02   -3.26535e+05    6.14494e+04   -2.65086e+05   -3.18406e+05
    Temperature Pres. DC (bar) Pressure (bar)   Constr. rmsd
    3.00758e+02   -1.53528e+02   -7.19123e+00    2.99152e-06

           Step           Time
          40000       80.00000

   Energies (kJ/mol)
           Bond          Angle    Proper Dih. Per. Imp. Dih.          LJ-14
    1.46036e+03    3.67705e+03    5.20793e+03    2.55779e+02    1.84163e+03
     Coulomb-14        LJ (SR)  Disper. corr.   Coulomb (SR)   Coul. recip.
    2.22873e+04    4.17400e+04   -2.27330e+03   -4.02091e+05    1.28588e+03
 Position Rest.      Potential    Kinetic En.   Total Energy  Conserved En.
    4.87666e+02   -3.26121e+05    6.16737e+04   -2.64447e+05   -3.18414e+05
    Temperature Pres. DC (bar) Pressure (bar)   Constr. rmsd
    3.01856e+02   -1.53528e+02   -2.15646e+01    2.99152e-06

           Step           Time
          41000       82.00000

   Energies (kJ/mol)
           Bond          Angle    Proper Dih. Per. Imp. Dih.          LJ-14
    1.51468e+03    3.58677e+03    5.17631e+03    2.56056e+02    1.84465e+03
     Coulomb-14        LJ (SR)  Disper. corr.   Coulomb (SR)   Coul. recip.
    2.23370e+04    4.18921e+04   -2.27330e+03   -4.03267e+05    1.26328e+03
 Position Rest.      Potential    Kinetic En.   Total Energy  Conserved En.
    4.88250e+02   -3.27181e+05    6.14426e+04   -2.65739e+05   -3.18431e+05
    Temperature Pres. DC (bar) Pressure (bar)   Constr. rmsd
    3.00724e+02   -1.53528e+02    1.53497e+02    2.99152e-06

           Step           Time
          42000       84.00000

   Energies (kJ/mol)
           Bond          Angle    Proper Dih. Per. Imp. Dih.          LJ-14
    1.44358e+03    3.81569e+03    5.28634e+03    2.56692e+02    1.84195e+03
     Coulomb-14        LJ (SR)  Disper. corr.   Coulomb (SR)   Coul. recip.
    2.24869e+04    4.21401e+04   -2.27330e+03   -4.02658e+05    1.32499e+03
 Position Rest.      Potential    Kinetic En.   Total Energy  Conserved En.
    5.09111e+02   -3.25826e+05    6.13605e+04   -2.64466e+05   -3.18417e+05
    Temperature Pres. DC (bar) Pressure (bar)   Constr. rmsd
    3.00323e+02   -1.53528e+02   -1.87933e+02    2.99152e-06

           Step           Time
          43000       86.00000

   Energies (kJ/mol)
           Bond          Angle    Proper Dih. Per. Imp. Dih.          LJ-14
    1.47383e+03    3.60541e+03    5.26733e+03    2.96876e+02    1.83921e+03
     Coulomb-14        LJ (SR)  Disper. corr.   Coulomb (SR)   Coul. recip.
    2.24187e+04    4.26873e+04   -2.27330e+03   -4.03506e+05    1.29381e+03
 Position Rest.      Potential    Kinetic En.   Total Energy  Conserved En.
    4.87752e+02   -3.26409e+05    6.07196e+04   -2.65689e+05   -3.18431e+05
    Temperature Pres. DC (bar) Pressure (bar)   Constr. rmsd
    2.97185e+02   -1.53528e+02   -6.56555e-01    2.99152e-06

           Step           Time
          44000       88.00000

   Energies (kJ/mol)
           Bond          Angle    Proper Dih. Per. Imp. Dih.          LJ-14
    1.40405e+03    3.69965e+03    5.18699e+03    2.55665e+02    1.88368e+03
     Coulomb-14        LJ (SR)  Disper. corr.   Coulomb (SR)   Coul. recip.
    2.24087e+04    4.09219e+04   -2.27330e+03   -4.02327e+05    1.27925e+03
 Position Rest.      Potential    Kinetic En.   Total Energy  Conserved En.
    5.00707e+02   -3.27060e+05    6.13140e+04   -2.65746e+05   -3.18430e+05
    Temperature Pres. DC (bar) Pressure (bar)   Constr. rmsd
    3.00095e+02   -1.53528e+02   -8.64282e+02    2.99152e-06

           Step           Time
          45000       90.00000

   Energies (kJ/mol)
           Bond          Angle    Proper Dih. Per. Imp. Dih.          LJ-14
    1.52412e+03    3.68779e+03    5.32267e+03    2.35201e+02    1.84174e+03
     Coulomb-14        LJ (SR)  Disper. corr.   Coulomb (SR)   Coul. recip.
    2.21840e+04    4.21706e+04   -2.27330e+03   -4.02988e+05    1.29979e+03
 Position Rest.      Potential    Kinetic En.   Total Energy  Conserved En.
    4.74537e+02   -3.26521e+05    6.13508e+04   -2.65170e+05   -3.18433e+05
    Temperature Pres. DC (bar) Pressure (bar)   Constr. rmsd
    3.00275e+02   -1.53528e+02    1.65053e+02    2.99152e-06

           Step           Time
          46000       92.00000

   Energies (kJ/mol)
           Bond          Angle    Proper Dih. Per. Imp. Dih.          LJ-14
    1.52366e+03    3.64938e+03    5.21868e+03    2.77932e+02    1.84949e+03
     Coulomb-14        LJ (SR)  Disper. corr.   Coulomb (SR)   Coul. recip.
    2.23941e+04    4.11307e+04   -2.27330e+03   -4.01921e+05    1.27201e+03
 Position Rest.      Potential    Kinetic En.   Total Energy  Conserved En.
    4.68033e+02   -3.26410e+05    6.17741e+04   -2.64636e+05   -3.18451e+05
    Temperature Pres. DC (bar) Pressure (bar)   Constr. rmsd
    3.02347e+02   -1.53528e+02   -3.71562e+02    2.99152e-06

           Step           Time
          47000       94.00000

   Energies (kJ/mol)
           Bond          Angle    Proper Dih. Per. Imp. Dih.          LJ-14
    1.52680e+03    3.85823e+03    5.22353e+03    2.79415e+02    1.84840e+03
     Coulomb-14        LJ (SR)  Disper. corr.   Coulomb (SR)   Coul. recip.
    2.23972e+04    4.24893e+04   -2.27330e+03   -4.03498e+05    1.30173e+03
 Position Rest.      Potential    Kinetic En.   Total Energy  Conserved En.
    4.45004e+02   -3.26401e+05    6.09556e+04   -2.65446e+05   -3.18429e+05
    Temperature Pres. DC (bar) Pressure (bar)   Constr. rmsd
    2.98341e+02   -1.53528e+02   -1.89824e+01    2.99152e-06

           Step           Time
          48000       96.00000

   Energies (kJ/mol)
           Bond          Angle    Proper Dih. Per. Imp. Dih.          LJ-14
    1.53731e+03    3.83529e+03    5.21488e+03    2.41809e+02    1.82374e+03
     Coulomb-14        LJ (SR)  Disper. corr.   Coulomb (SR)   Coul. recip.
    2.23980e+04    4.09641e+04   -2.27330e+03   -4.01694e+05    1.30076e+03
 Position Rest.      Potential    Kinetic En.   Total Energy  Conserved En.
    4.82399e+02   -3.26169e+05    6.12559e+04   -2.64913e+05   -3.18449e+05
    Temperature Pres. DC (bar) Pressure (bar)   Constr. rmsd
    2.99811e+02   -1.53528e+02   -2.96713e+02    2.99152e-06

           Step           Time
          49000       98.00000

   Energies (kJ/mol)
           Bond          Angle    Proper Dih. Per. Imp. Dih.          LJ-14
    1.46982e+03    3.66506e+03    5.24970e+03    2.80507e+02    1.84361e+03
     Coulomb-14        LJ (SR)  Disper. corr.   Coulomb (SR)   Coul. recip.
    2.22745e+04    4.09771e+04   -2.27330e+03   -4.02982e+05    1.30104e+03
 Position Rest.      Potential    Kinetic En.   Total Energy  Conserved En.
    5.08968e+02   -3.27685e+05    6.05244e+04   -2.67160e+05   -3.18424e+05
    Temperature Pres. DC (bar) Pressure (bar)   Constr. rmsd
    2.96230e+02   -1.53528e+02   -6.06122e+02    2.99152e-06

           Step           Time
          50000      100.00000

   Energies (kJ/mol)
           Bond          Angle    Proper Dih. Per. Imp. Dih.          LJ-14
    1.58212e+03    3.85447e+03    5.16690e+03    2.97727e+02    1.83733e+03
     Coulomb-14        LJ (SR)  Disper. corr.   Coulomb (SR)   Coul. recip.
    2.22297e+04    4.14365e+04   -2.27330e+03   -4.01630e+05    1.41067e+03
 Position Rest.      Potential    Kinetic En.   Total Energy  Conserved En.
    4.78162e+02   -3.25610e+05    6.13063e+04   -2.64303e+05   -3.18435e+05
    Temperature Pres. DC (bar) Pressure (bar)   Constr. rmsd
    3.00057e+02   -1.53528e+02   -7.51598e+02    2.99152e-06

           Step           Time
          51000      102.00000

   Energies (kJ/mol)
           Bond          Angle    Proper Dih. Per. Imp. Dih.          LJ-14
    1.40829e+03    3.92717e+03    5.22037e+03    2.81684e+02    1.87543e+03
     Coulomb-14        LJ (SR)  Disper. corr.   Coulomb (SR)   Coul. recip.
    2.23154e+04    4.11625e+04   -2.27330e+03   -4.02280e+05    1.31950e+03
 Position Rest.      Potential    Kinetic En.   Total Energy  Conserved En.
    5.13554e+02   -3.26529e+05    6.16036e+04   -2.64926e+05   -3.18451e+05
    Temperature Pres. DC (bar) Pressure (bar)   Constr. rmsd
    3.01512e+02   -1.53528e+02   -7.33889e+02    2.99152e-06

           Step           Time
          52000      104.00000

   Energies (kJ/mol)
           Bond          Angle    Proper Dih. Per. Imp. Dih.          LJ-14
    1.50150e+03    3.88931e+03    5.27845e+03    2.83762e+02    1.91104e+03
     Coulomb-14        LJ (SR)  Disper. corr.   Coulomb (SR)   Coul. recip.
    2.23746e+04    4.10222e+04   -2.27330e+03   -4.01871e+05    1.31299e+03
 Position Rest.      Potential    Kinetic En.   Total Energy  Conserved En.
    4.33373e+02   -3.26138e+05    6.14871e+04   -2.64650e+05   -3.18439e+05
    Temperature Pres. DC (bar) Pressure (bar)   Constr. rmsd
    3.00942e+02   -1.53528e+02   -3.99416e+02    2.99152e-06

           Step           Time
          53000      106.00000

   Energies (kJ/mol)
           Bond          Angle    Proper Dih. Per. Imp. Dih.          LJ-14
    1.53123e+03    3.71754e+03    5.29188e+03    2.76563e+02    1.85260e+03
     Coulomb-14        LJ (SR)  Disper. corr.   Coulomb (SR)   Coul. recip.
    2.23350e+04    4.11529e+04   -2.27330e+03   -4.01924e+05    1.29684e+03
 Position Rest.      Potential    Kinetic En.   Total Energy  Conserved En.
    5.01154e+02   -3.26242e+05    6.13414e+04   -2.64901e+05   -3.18458e+05
    Temperature Pres. DC (bar) Pressure (bar)   Constr. rmsd
    3.00229e+02   -1.53528e+02   -2.14685e+02    2.99152e-06

           Step           Time
          54000      108.00000

   Energies (kJ/mol)
           Bond          Angle    Proper Dih. Per. Imp. Dih.          LJ-14
    1.54764e+03    3.81906e+03    5.32359e+03    2.76669e+02    1.82140e+03
     Coulomb-14        LJ (SR)  Disper. corr.   Coulomb (SR)   Coul. recip.
    2.21976e+04    4.12057e+04   -2.27330e+03   -4.01163e+05    1.27779e+03
 Position Rest.      Potential    Kinetic En.   Total Energy  Conserved En.
    4.92905e+02   -3.25474e+05    6.05057e+04   -2.64969e+05   -3.18437e+05
    Temperature Pres. DC (bar) Pressure (bar)   Constr. rmsd
    2.96138e+02   -1.53528e+02   -4.21347e+02    2.99152e-06

           Step           Time
          55000      110.00000

   Energies (kJ/mol)
           Bond          Angle    Proper Dih. Per. Imp. Dih.          LJ-14
    1.57542e+03    3.96679e+03    5.18647e+03    2.64252e+02    1.79196e+03
     Coulomb-14        LJ (SR)  Disper. corr.   Coulomb (SR)   Coul. recip.
    2.22054e+04    4.08682e+04   -2.27330e+03   -4.02166e+05    1.28143e+03
 Position Rest.      Potential    Kinetic En.   Total Energy  Conserved En.
    4.60704e+02   -3.26839e+05    6.11347e+04   -2.65704e+05   -3.18448e+05
    Temperature Pres. DC (bar) Pressure (bar)   Constr. rmsd
    2.99217e+02   -1.53528e+02   -5.01260e+02    2.99152e-06

           Step           Time
          56000      112.00000

   Energies (kJ/mol)
           Bond          Angle    Proper Dih. Per. Imp. Dih.          LJ-14
    1.59285e+03    3.79290e+03    5.24958e+03    2.78629e+02    1.82474e+03
     Coulomb-14        LJ (SR)  Disper. corr.   Coulomb (SR)   Coul. recip.
    2.22955e+04    4.13273e+04   -2.27330e+03   -4.01956e+05    1.32615e+03
 Position Rest.      Potential    Kinetic En.   Total Energy  Conserved En.
    5.02440e+02   -3.26039e+05    6.15651e+04   -2.64474e+05   -3.18459e+05
    Temperature Pres. DC (bar) Pressure (bar)   Constr. rmsd
    3.01324e+02   -1.53528e+02   -4.17280e+02    2.99152e-06

           Step           Time
          57000      114.00000

   Energies (kJ/mol)
           Bond          Angle    Proper Dih. Per. Imp. Dih.          LJ-14
    1.48951e+03    3.90117e+03    5.31811e+03    2.65031e+02    1.82227e+03
     Coulomb-14        LJ (SR)  Disper. corr.   Coulomb (SR)   Coul. recip.
    2.23227e+04    4.10900e+04   -2.27330e+03   -4.01921e+05    1.40078e+03
 Position Rest.      Potential    Kinetic En.   Total Energy  Conserved En.
    5.26312e+02   -3.26058e+05    6.09185e+04   -2.65140e+05   -3.18436e+05
    Temperature Pres. DC (bar) Pressure (bar)   Constr. rmsd
    2.98159e+02   -1.53528e+02   -5.34153e+02    2.99152e-06

           Step           Time
          58000      116.00000

   Energies (kJ/mol)
           Bond          Angle    Proper Dih. Per. Imp. Dih.          LJ-14
    1.45046e+03    3.67729e+03    5.25519e+03    2.77159e+02    1.87813e+03
     Coulomb-14        LJ (SR)  Disper. corr.   Coulomb (SR)   Coul. recip.
    2.24420e+04    4.21940e+04   -2.27330e+03   -4.04466e+05    1.30862e+03
 Position Rest.      Potential    Kinetic En.   Total Energy  Conserved En.
    4.44285e+02   -3.27812e+05    6.10043e+04   -2.66807e+05   -3.18466e+05
    Temperature Pres. DC (bar) Pressure (bar)   Constr. rmsd
    2.98579e+02   -1.53528e+02   -6.99963e+02    2.99152e-06

           Step           Time
          59000      118.00000

   Energies (kJ/mol)
           Bond          Angle    Proper Dih. Per. Imp. Dih.          LJ-14
    1.68857e+03    3.66724e+03    5.26753e+03    3.05936e+02    1.81203e+03
     Coulomb-14        LJ (SR)  Disper. corr.   Coulomb (SR)   Coul. recip.
    2.22715e+04    4.26525e+04   -2.27330e+03   -4.04664e+05    1.27350e+03
 Position Rest.      Potential    Kinetic En.   Total Energy  Conserved En.
    5.05886e+02   -3.27492e+05    6.19808e+04   -2.65512e+05   -3.18463e+05
    Temperature Pres. DC (bar) Pressure (bar)   Constr. rmsd
    3.03359e+02   -1.53528e+02   -3.85205e+02    2.99152e-06

           Step           Time
          60000      120.00000

   Energies (kJ/mol)
           Bond          Angle    Proper Dih. Per. Imp. Dih.          LJ-14
    1.55048e+03    3.82392e+03    5.37172e+03    2.76215e+02    1.88391e+03
     Coulomb-14        LJ (SR)  Disper. corr.   Coulomb (SR)   Coul. recip.
    2.22629e+04    4.14277e+04   -2.27330e+03   -4.01730e+05    1.30018e+03
 Position Rest.      Potential    Kinetic En.   Total Energy  Conserved En.
    4.69552e+02   -3.25637e+05    6.16520e+04   -2.63984e+05   -3.18454e+05
    Temperature Pres. DC (bar) Pressure (bar)   Constr. rmsd
    3.01749e+02   -1.53528e+02    4.68444e+02    2.99152e-06

           Step           Time
          61000      122.00000

   Energies (kJ/mol)
           Bond          Angle    Proper Dih. Per. Imp. Dih.          LJ-14
    1.49343e+03    3.96153e+03    5.24422e+03    2.63677e+02    1.86510e+03
     Coulomb-14        LJ (SR)  Disper. corr.   Coulomb (SR)   Coul. recip.
    2.22386e+04    4.04758e+04   -2.27330e+03   -3.99582e+05    1.43615e+03
 Position Rest.      Potential    Kinetic En.   Total Energy  Conserved En.
    4.83171e+02   -3.24394e+05    6.17275e+04   -2.62667e+05   -3.18465e+05
    Temperature Pres. DC (bar) Pressure (bar)   Constr. rmsd
    3.02119e+02   -1.53528e+02   -5.06224e+02    2.99152e-06

           Step           Time
          62000      124.00000

   Energies (kJ/mol)
           Bond          Angle    Proper Dih. Per. Imp. Dih.          LJ-14
    1.46955e+03    3.96282e+03    5.16893e+03    2.12985e+02    1.92362e+03
     Coulomb-14        LJ (SR)  Disper. corr.   Coulomb (SR)   Coul. recip.
    2.25570e+04    4.20120e+04   -2.27330e+03   -4.02486e+05    1.28360e+03
 Position Rest.      Potential    Kinetic En.   Total Energy  Conserved En.
    4.46279e+02   -3.25723e+05    6.12386e+04   -2.64484e+05   -3.18472e+05
    Temperature Pres. DC (bar) Pressure (bar)   Constr. rmsd
    2.99726e+02   -1.53528e+02   -2.10988e+02    2.99152e-06

           Step           Time
          63000      126.00000

   Energies (kJ/mol)
           Bond          Angle    Proper Dih. Per. Imp. Dih.          LJ-14
    1.46050e+03    3.75492e+03    5.33278e+03    2.64980e+02    1.83176e+03
     Coulomb-14        LJ (SR)  Disper. corr.   Coulomb (SR)   Coul. recip.
    2.26177e+04    4.16809e+04   -2.27330e+03   -4.03245e+05    1.35546e+03
 Position Rest.      Potential    Kinetic En.   Total Energy  Conserved En.
    5.01221e+02   -3.26718e+05    6.14857e+04   -2.65232e+05   -3.18455e+05
    Temperature Pres. DC (bar) Pressure (bar)   Constr. rmsd
    3.00935e+02   -1.53528e+02   -8.71460e+01    2.99152e-06

           Step           Time
          64000      128.00000

   Energies (kJ/mol)
           Bond          Angle    Proper Dih. Per. Imp. Dih.          LJ-14
    1.49637e+03    3.90403e+03    5.25295e+03    2.47903e+02    1.84179e+03
     Coulomb-14        LJ (SR)  Disper. corr.   Coulomb (SR)   Coul. recip.
    2.25549e+04    4.07181e+04   -2.27330e+03   -4.00367e+05    1.30156e+03
 Position Rest.      Potential    Kinetic En.   Total Energy  Conserved En.
    5.59106e+02   -3.24764e+05    6.21482e+04   -2.62616e+05   -3.18471e+05
    Temperature Pres. DC (bar) Pressure (bar)   Constr. rmsd
    3.04178e+02   -1.53528e+02   -5.75781e+02    2.99152e-06

           Step           Time
          65000      130.00000

   Energies (kJ/mol)
           Bond          Angle    Proper Dih. Per. Imp. Dih.          LJ-14
    1.55702e+03    3.86079e+03    5.28377e+03    2.83657e+02    1.83375e+03
     Coulomb-14        LJ (SR)  Disper. corr.   Coulomb (SR)   Coul. recip.
    2.23547e+04    4.10013e+04   -2.27330e+03   -4.01550e+05    1.36368e+03
 Position Rest.      Potential    Kinetic En.   Total Energy  Conserved En.
    4.76014e+02   -3.25809e+05    6.15732e+04   -2.64236e+05   -3.18472e+05
    Temperature Pres. DC (bar) Pressure (bar)   Constr. rmsd
    3.01363e+02   -1.53528e+02   -3.51610e+02    2.99152e-06

           Step           Time
          66000      132.00000

   Energies (kJ/mol)
           Bond          Angle    Proper Dih. Per. Imp. Dih.          LJ-14
    1.59996e+03    3.68920e+03    5.26541e+03    2.76259e+02    1.84335e+03
     Coulomb-14        LJ (SR)  Disper. corr.   Coulomb (SR)   Coul. recip.
    2.22842e+04    4.13521e+04   -2.27330e+03   -4.01195e+05    1.32758e+03
 Position Rest.      Potential    Kinetic En.   Total Energy  Conserved En.
    4.76977e+02   -3.25354e+05    6.13750e+04   -2.63979e+05   -3.18474e+05
    Temperature Pres. DC (bar) Pressure (bar)   Constr. rmsd
    3.00393e+02   -1.53528e+02   -2.38959e+02    2.99152e-06

           Step           Time
          67000      134.00000

   Energies (kJ/mol)
           Bond          Angle    Proper Dih. Per. Imp. Dih.          LJ-14
    1.52567e+03    3.76175e+03    5.30567e+03    2.44612e+02    1.84249e+03
     Coulomb-14        LJ (SR)  Disper. corr.   Coulomb (SR)   Coul. recip.
    2.22001e+04    4.06861e+04   -2.27330e+03   -4.01975e+05    1.36640e+03
 Position Rest.      Potential    Kinetic En.   Total Energy  Conserved En.
    5.26122e+02   -3.26789e+05    6.08192e+04   -2.65970e+05   -3.18481e+05
    Temperature Pres. DC (bar) Pressure (bar)   Constr. rmsd
    2.97673e+02   -1.53528e+02   -4.91302e+02    2.99152e-06

           Step           Time
          68000      136.00000

   Energies (kJ/mol)
           Bond          Angle    Proper Dih. Per. Imp. Dih.          LJ-14
    1.58243e+03    3.58122e+03    5.21462e+03    2.79667e+02    1.84876e+03
     Coulomb-14        LJ (SR)  Disper. corr.   Coulomb (SR)   Coul. recip.
    2.24152e+04    4.18158e+04   -2.27330e+03   -4.02602e+05    1.33741e+03
 Position Rest.      Potential    Kinetic En.   Total Energy  Conserved En.
    4.46720e+02   -3.26353e+05    6.12582e+04   -2.65095e+05   -3.18485e+05
    Temperature Pres. DC (bar) Pressure (bar)   Constr. rmsd
    2.99822e+02   -1.53528e+02   -6.97166e+02    2.99152e-06

           Step           Time
          69000      138.00000

   Energies (kJ/mol)
           Bond          Angle    Proper Dih. Per. Imp. Dih.          LJ-14
    1.46931e+03    3.82299e+03    5.24861e+03    2.58996e+02    1.90960e+03
     Coulomb-14        LJ (SR)  Disper. corr.   Coulomb (SR)   Coul. recip.
    2.24649e+04    4.10717e+04   -2.27330e+03   -4.01648e+05    1.30498e+03
 Position Rest.      Potential    Kinetic En.   Total Energy  Conserved En.
    4.68142e+02   -3.25902e+05    6.15874e+04   -2.64315e+05   -3.18502e+05
    Temperature Pres. DC (bar) Pressure (bar)   Constr. rmsd
    3.01433e+02   -1.53528e+02   -4.02664e+01    2.99152e-06

           Step           Time
          70000      140.00000

   Energies (kJ/mol)
           Bond          Angle    Proper Dih. Per. Imp. Dih.          LJ-14
    1.48802e+03    3.74782e+03    5.23930e+03    2.89524e+02    1.81251e+03
     Coulomb-14        LJ (SR)  Disper. corr.   Coulomb (SR)   Coul. recip.
    2.22602e+04    4.12664e+04   -2.27330e+03   -4.02906e+05    1.33346e+03
 Position Rest.      Potential    Kinetic En.   Total Energy  Conserved En.
    5.08328e+02   -3.27234e+05    6.11114e+04   -2.66123e+05   -3.18485e+05
    Temperature Pres. DC (bar) Pressure (bar)   Constr. rmsd
    2.99103e+02   -1.53528e+02   -3.30479e+02    2.99152e-06

           Step           Time
          71000      142.00000

   Energies (kJ/mol)
           Bond          Angle    Proper Dih. Per. Imp. Dih.          LJ-14
    1.61067e+03    3.72150e+03    5.27531e+03    3.06916e+02    1.81813e+03
     Coulomb-14        LJ (SR)  Disper. corr.   Coulomb (SR)   Coul. recip.
    2.24811e+04    4.17892e+04   -2.27330e+03   -4.02338e+05    1.35758e+03
 Position Rest.      Potential    Kinetic En.   Total Energy  Conserved En.
    4.78048e+02   -3.25772e+05    6.17111e+04   -2.64061e+05   -3.18476e+05
    Temperature Pres. DC (bar) Pressure (bar)   Constr. rmsd
    3.02038e+02   -1.53528e+02   -4.73210e+02    2.99152e-06

           Step           Time
          72000      144.00000

   Energies (kJ/mol)
           Bond          Angle    Proper Dih. Per. Imp. Dih.          LJ-14
    1.51449e+03    3.76531e+03    5.21234e+03    2.61300e+02    1.87670e+03
     Coulomb-14        LJ (SR)  Disper. corr.   Coulomb (SR)   Coul. recip.
    2.24790e+04    4.24539e+04   -2.27330e+03   -4.03903e+05    1.31753e+03
 Position Rest.      Potential    Kinetic En.   Total Energy  Conserved En.
    5.21432e+02   -3.26774e+05    6.05788e+04   -2.66196e+05   -3.18484e+05
    Temperature Pres. DC (bar) Pressure (bar)   Constr. rmsd
    2.96497e+02   -1.53528e+02   -5.53046e+02    2.99152e-06

           Step           Time
          73000      146.00000

   Energies (kJ/mol)
           Bond          Angle    Proper Dih. Per. Imp. Dih.          LJ-14
    1.54746e+03    3.93896e+03    5.30519e+03    3.14914e+02    1.89195e+03
     Coulomb-14        LJ (SR)  Disper. corr.   Coulomb (SR)   Coul. recip.
    2.24652e+04    4.21522e+04   -2.27330e+03   -4.03195e+05    1.33119e+03
 Position Rest.      Potential    Kinetic En.   Total Energy  Conserved En.
    5.55203e+02   -3.25966e+05    6.15071e+04   -2.64459e+05   -3.18480e+05
    Temperature Pres. DC (bar) Pressure (bar)   Constr. rmsd
    3.01040e+02   -1.53528e+02   -1.43183e+02    2.99152e-06

           Step           Time
          74000      148.00000

   Energies (kJ/mol)
           Bond          Angle    Proper Dih. Per. Imp. Dih.          LJ-14
    1.52357e+03    3.77228e+03    5.28629e+03    2.55532e+02    1.88447e+03
     Coulomb-14        LJ (SR)  Disper. corr.   Coulomb (SR)   Coul. recip.
    2.20981e+04    4.15458e+04   -2.27330e+03   -4.01759e+05    1.31333e+03
 Position Rest.      Potential    Kinetic En.   Total Energy  Conserved En.
    5.28052e+02   -3.25825e+05    6.12213e+04   -2.64603e+05   -3.18511e+05
    Temperature Pres. DC (bar) Pressure (bar)   Constr. rmsd
    2.99641e+02   -1.53528e+02   -2.43317e+02    2.99152e-06

           Step           Time
          75000      150.00000

   Energies (kJ/mol)
           Bond          Angle    Proper Dih. Per. Imp. Dih.          LJ-14
    1.55947e+03    3.73623e+03    5.25369e+03    2.83673e+02    1.89158e+03
     Coulomb-14        LJ (SR)  Disper. corr.   Coulomb (SR)   Coul. recip.
    2.22709e+04    4.15748e+04   -2.27330e+03   -4.01878e+05    1.27638e+03
 Position Rest.      Potential    Kinetic En.   Total Energy  Conserved En.
    4.42125e+02   -3.25863e+05    6.24037e+04   -2.63459e+05   -3.18515e+05
    Temperature Pres. DC (bar) Pressure (bar)   Constr. rmsd
    3.05428e+02   -1.53528e+02    3.07648e+02    2.99152e-06

           Step           Time
          76000      152.00000

   Energies (kJ/mol)
           Bond          Angle    Proper Dih. Per. Imp. Dih.          LJ-14
    1.48348e+03    3.69155e+03    5.20438e+03    2.77443e+02    1.88541e+03
     Coulomb-14        LJ (SR)  Disper. corr.   Coulomb (SR)   Coul. recip.
    2.24582e+04    4.16320e+04   -2.27330e+03   -4.02768e+05    1.24359e+03
 Position Rest.      Potential    Kinetic En.   Total Energy  Conserved En.
    5.03452e+02   -3.26662e+05    6.05549e+04   -2.66107e+05   -3.18515e+05
    Temperature Pres. DC (bar) Pressure (bar)   Constr. rmsd
    2.96379e+02   -1.53528e+02   -5.40836e+02    2.99152e-06

           Step           Time
          77000      154.00000

   Energies (kJ/mol)
           Bond          Angle    Proper Dih. Per. Imp. Dih.          LJ-14
    1.57121e+03    3.84628e+03    5.26607e+03    2.70221e+02    1.86040e+03
     Coulomb-14        LJ (SR)  Disper. corr.   Coulomb (SR)   Coul. recip.
    2.23486e+04    4.06090e+04   -2.27330e+03   -3.99280e+05    1.38446e+03
 Position Rest.      Potential    Kinetic En.   Total Energy  Conserved En.
    4.76574e+02   -3.23921e+05    6.16470e+04   -2.62274e+05   -3.18534e+05
    Temperature Pres. DC (bar) Pressure (bar)   Constr. rmsd
    3.01725e+02   -1.53528e+02   -6.99612e+02    2.99152e-06

           Step           Time
          78000      156.00000

   Energies (kJ/mol)
           Bond          Angle    Proper Dih. Per. Imp. Dih.          LJ-14
    1.53703e+03    3.93036e+03    5.25263e+03    2.18082e+02    1.87418e+03
     Coulomb-14        LJ (SR)  Disper. corr.   Coulomb (SR)   Coul. recip.
    2.23439e+04    4.17653e+04   -2.27330e+03   -4.01474e+05    1.27807e+03
 Position Rest.      Potential    Kinetic En.   Total Energy  Conserved En.
    5.23036e+02   -3.25024e+05    6.11938e+04   -2.63831e+05   -3.18512e+05
    Temperature Pres. DC (bar) Pressure (bar)   Constr. rmsd
    2.99506e+02   -1.53528e+02   -5.42124e+02    2.99152e-06

           Step           Time
          79000      158.00000

   Energies (kJ/mol)
           Bond          Angle    Proper Dih. Per. Imp. Dih.          LJ-14
    1.42876e+03    4.00922e+03    5.23444e+03    2.72579e+02    1.86397e+03
     Coulomb-14        LJ (SR)  Disper. corr.   Coulomb (SR)   Coul. recip.
    2.22682e+04    4.13219e+04   -2.27330e+03   -4.01478e+05    1.33970e+03
 Position Rest.      Potential    Kinetic En.   Total Energy  Conserved En.
    5.45922e+02   -3.25467e+05    6.16483e+04   -2.63819e+05   -3.18523e+05
    Temperature Pres. DC (bar) Pressure (bar)   Constr. rmsd
    3.01731e+02   -1.53528e+02   -5.27865e+02    2.99152e-06

           Step           Time
          80000      160.00000

   Energies (kJ/mol)
           Bond          Angle    Proper Dih. Per. Imp. Dih.          LJ-14
    1.43984e+03    3.71940e+03    5.22509e+03    2.77260e+02    1.79372e+03
     Coulomb-14        LJ (SR)  Disper. corr.   Coulomb (SR)   Coul. recip.
    2.24455e+04    4.19499e+04   -2.27330e+03   -4.02693e+05    1.29090e+03
 Position Rest.      Potential    Kinetic En.   Total Energy  Conserved En.
    5.14618e+02   -3.26310e+05    6.12605e+04   -2.65049e+05   -3.18547e+05
    Temperature Pres. DC (bar) Pressure (bar)   Constr. rmsd
    2.99833e+02   -1.53528e+02   -4.10402e+02    2.99152e-06

           Step           Time
          81000      162.00000

   Energies (kJ/mol)
           Bond          Angle    Proper Dih. Per. Imp. Dih.          LJ-14
    1.53082e+03    3.81153e+03    5.24209e+03    3.10919e+02    1.82961e+03
     Coulomb-14        LJ (SR)  Disper. corr.   Coulomb (SR)   Coul. recip.
    2.23059e+04    4.22487e+04   -2.27330e+03   -4.02429e+05    1.37879e+03
 Position Rest.      Potential    Kinetic En.   Total Energy  Conserved En.
    4.53862e+02   -3.25590e+05    6.09692e+04   -2.64621e+05   -3.18524e+05
    Temperature Pres. DC (bar) Pressure (bar)   Constr. rmsd
    2.98407e+02   -1.53528e+02   -8.63635e+01    2.99152e-06

           Step           Time
          82000      164.00000

   Energies (kJ/mol)
           Bond          Angle    Proper Dih. Per. Imp. Dih.          LJ-14
    1.48045e+03    3.77094e+03    5.23755e+03    2.58793e+02    1.84447e+03
     Coulomb-14        LJ (SR)  Disper. corr.   Coulomb (SR)   Coul. recip.
    2.23446e+04    4.10159e+04   -2.27330e+03   -4.01663e+05    1.24750e+03
 Position Rest.      Potential    Kinetic En.   Total Energy  Conserved En.
    4.93760e+02   -3.26242e+05    6.12664e+04   -2.64976e+05   -3.18539e+05
    Temperature Pres. DC (bar) Pressure (bar)   Constr. rmsd
    2.99862e+02   -1.53528e+02   -2.27387e+01    2.99152e-06

           Step           Time
          83000      166.00000

   Energies (kJ/mol)
           Bond          Angle    Proper Dih. Per. Imp. Dih.          LJ-14
    1.47151e+03    3.71093e+03    5.19004e+03    2.29871e+02    1.88013e+03
     Coulomb-14        LJ (SR)  Disper. corr.   Coulomb (SR)   Coul. recip.
    2.23691e+04    4.08270e+04   -2.27330e+03   -4.01090e+05    1.31960e+03
 Position Rest.      Potential    Kinetic En.   Total Energy  Conserved En.
    5.03340e+02   -3.25861e+05    6.13602e+04   -2.64501e+05   -3.18549e+05
    Temperature Pres. DC (bar) Pressure (bar)   Constr. rmsd
    3.00321e+02   -1.53528e+02   -1.80650e+02    2.99152e-06

           Step           Time
          84000      168.00000

   Energies (kJ/mol)
           Bond          Angle    Proper Dih. Per. Imp. Dih.          LJ-14
    1.56633e+03    3.64324e+03    5.27941e+03    2.96608e+02    1.88325e+03
     Coulomb-14        LJ (SR)  Disper. corr.   Coulomb (SR)   Coul. recip.
    2.22463e+04    4.24046e+04   -2.27330e+03   -4.03478e+05    1.27561e+03
 Position Rest.      Potential    Kinetic En.   Total Energy  Conserved En.
    4.76841e+02   -3.26679e+05    6.19364e+04   -2.64743e+05   -3.18556e+05
    Temperature Pres. DC (bar) Pressure (bar)   Constr. rmsd
    3.03141e+02   -1.53528e+02    2.63899e+02    2.99152e-06

           Step           Time
          85000      170.00000

   Energies (kJ/mol)
           Bond          Angle    Proper Dih. Per. Imp. Dih.          LJ-14
    1.45603e+03    3.85126e+03    5.26277e+03    3.17490e+02    1.84973e+03
     Coulomb-14        LJ (SR)  Disper. corr.   Coulomb (SR)   Coul. recip.
    2.23015e+04    4.09422e+04   -2.27330e+03   -4.01855e+05    1.38099e+03
 Position Rest.      Potential    Kinetic En.   Total Energy  Conserved En.
    5.26957e+02   -3.26240e+05    6.14669e+04   -2.64773e+05   -3.18542e+05
    Temperature Pres. DC (bar) Pressure (bar)   Constr. rmsd
    3.00843e+02   -1.53528e+02   -3.90739e+02    2.99152e-06

           Step           Time
          86000      172.00000

   Energies (kJ/mol)
           Bond          Angle    Proper Dih. Per. Imp. Dih.          LJ-14
    1.63463e+03    3.76404e+03    5.20713e+03    2.58615e+02    1.89988e+03
     Coulomb-14        LJ (SR)  Disper. corr.   Coulomb (SR)   Coul. recip.
    2.23250e+04    4.11134e+04   -2.27330e+03   -4.01737e+05    1.24981e+03
 Position Rest.      Potential    Kinetic En.   Total Energy  Conserved En.
    4.68657e+02   -3.26089e+05    6.16611e+04   -2.64428e+05   -3.18551e+05
    Temperature Pres. DC (bar) Pressure (bar)   Constr. rmsd
    3.01794e+02   -1.53528e+02   -4.34918e+02    2.99152e-06

           Step           Time
          87000      174.00000

   Energies (kJ/mol)
           Bond          Angle    Proper Dih. Per. Imp. Dih.          LJ-14
    1.42831e+03    3.77112e+03    5.21427e+03    2.61495e+02    1.83640e+03
     Coulomb-14        LJ (SR)  Disper. corr.   Coulomb (SR)   Coul. recip.
    2.23758e+04    4.23129e+04   -2.27330e+03   -4.04019e+05    1.35547e+03
 Position Rest.      Potential    Kinetic En.   Total Energy  Conserved En.
    4.99071e+02   -3.27237e+05    6.15811e+04   -2.65656e+05   -3.18559e+05
    Temperature Pres. DC (bar) Pressure (bar)   Constr. rmsd
    3.01402e+02   -1.53528e+02   -4.49210e+02    2.99152e-06

           Step           Time
          88000      176.00000

   Energies (kJ/mol)
           Bond          Angle    Proper Dih. Per. Imp. Dih.          LJ-14
    1.43422e+03    3.56443e+03    5.23061e+03    2.64286e+02    1.87092e+03
     Coulomb-14        LJ (SR)  Disper. corr.   Coulomb (SR)   Coul. recip.
    2.23615e+04    4.10131e+04   -2.27330e+03   -4.02117e+05    1.32034e+03
 Position Rest.      Potential    Kinetic En.   Total Energy  Conserved En.
    4.75665e+02   -3.26856e+05    6.11428e+04   -2.65713e+05   -3.18568e+05
    Temperature Pres. DC (bar) Pressure (bar)   Constr. rmsd
    2.99257e+02   -1.53528e+02   -3.37900e+02    2.99152e-06

           Step           Time
          89000      178.00000

   Energies (kJ/mol)
           Bond          Angle    Proper Dih. Per. Imp. Dih.          LJ-14
    1.58965e+03    3.67642e+03    5.24969e+03    2.50476e+02    1.78497e+03
     Coulomb-14        LJ (SR)  Disper. corr.   Coulomb (SR)   Coul. recip.
    2.23254e+04    4.11109e+04   -2.27330e+03   -4.01375e+05    1.36012e+03
 Position Rest.      Potential    Kinetic En.   Total Energy  Conserved En.
    5.00870e+02   -3.25799e+05    6.03960e+04   -2.65403e+05   -3.18551e+05
    Temperature Pres. DC (bar) Pressure (bar)   Constr. rmsd
    2.95602e+02   -1.53528e+02   -5.81514e+02    2.99152e-06

           Step           Time
          90000      180.00000

   Energies (kJ/mol)
           Bond          Angle    Proper Dih. Per. Imp. Dih.          LJ-14
    1.54801e+03    3.72579e+03    5.30816e+03    2.70639e+02    1.81407e+03
     Coulomb-14        LJ (SR)  Disper. corr.   Coulomb (SR)   Coul. recip.
    2.22559e+04    4.18073e+04   -2.27330e+03   -4.02119e+05    1.34516e+03
 Position Rest.      Potential    Kinetic En.   Total Energy  Conserved En.
    4.57121e+02   -3.25861e+05    6.16898e+04   -2.64171e+05   -3.18560e+05
    Temperature Pres. DC (bar) Pressure (bar)   Constr. rmsd
    3.01934e+02   -1.53528e+02   -2.86182e+01    2.99152e-06

           Step           Time
          91000      182.00000

   Energies (kJ/mol)
           Bond          Angle    Proper Dih. Per. Imp. Dih.          LJ-14
    1.62728e+03    3.76688e+03    5.27911e+03    2.71269e+02    1.84323e+03
     Coulomb-14        LJ (SR)  Disper. corr.   Coulomb (SR)   Coul. recip.
    2.23016e+04    4.14413e+04   -2.27330e+03   -4.01619e+05    1.30145e+03
 Position Rest.      Potential    Kinetic En.   Total Energy  Conserved En.
    4.78959e+02   -3.25582e+05    6.19358e+04   -2.63646e+05   -3.18564e+05
    Temperature Pres. DC (bar) Pressure (bar)   Constr. rmsd
    3.03138e+02   -1.53528e+02   -2.82579e+02    2.99152e-06

           Step           Time
          92000      184.00000

   Energies (kJ/mol)
           Bond          Angle    Proper Dih. Per. Imp. Dih.          LJ-14
    1.40510e+03    3.81657e+03    5.28347e+03    2.57373e+02    1.83820e+03
     Coulomb-14        LJ (SR)  Disper. corr.   Coulomb (SR)   Coul. recip.
    2.22958e+04    4.12872e+04   -2.27330e+03   -4.02040e+05    1.37698e+03
 Position Rest.      Potential    Kinetic En.   Total Energy  Conserved En.
    5.07339e+02   -3.26245e+05    6.11236e+04   -2.65121e+05   -3.18570e+05
    Temperature Pres. DC (bar) Pressure (bar)   Constr. rmsd
    2.99163e+02   -1.53528e+02   -2.38388e+02    2.99152e-06

           Step           Time
          93000      186.00000

   Energies (kJ/mol)
           Bond          Angle    Proper Dih. Per. Imp. Dih.          LJ-14
    1.43740e+03    3.80638e+03    5.20121e+03    2.91837e+02    1.85226e+03
     Coulomb-14        LJ (SR)  Disper. corr.   Coulomb (SR)   Coul. recip.
    2.23858e+04    4.17925e+04   -2.27330e+03   -4.02922e+05    1.33975e+03
 Position Rest.      Potential    Kinetic En.   Total Energy  Conserved En.
    4.87422e+02   -3.26600e+05    6.11727e+04   -2.65428e+05   -3.18567e+05
    Temperature Pres. DC (bar) Pressure (bar)   Constr. rmsd
    2.99403e+02   -1.53528e+02    1.06501e+02    2.99152e-06

           Step           Time
          94000      188.00000

   Energies (kJ/mol)
           Bond          Angle    Proper Dih. Per. Imp. Dih.          LJ-14
    1.50376e+03    3.87421e+03    5.30836e+03    2.96590e+02    1.86407e+03
     Coulomb-14        LJ (SR)  Disper. corr.   Coulomb (SR)   Coul. recip.
    2.24681e+04    4.04331e+04   -2.27330e+03   -4.01382e+05    1.29472e+03
 Position Rest.      Potential    Kinetic En.   Total Energy  Conserved En.
    4.96158e+02   -3.26116e+05    6.13860e+04   -2.64730e+05   -3.18573e+05
    Temperature Pres. DC (bar) Pressure (bar)   Constr. rmsd
    3.00447e+02   -1.53528e+02   -6.73957e+02    2.99152e-06

           Step           Time
          95000      190.00000

   Energies (kJ/mol)
           Bond          Angle    Proper Dih. Per. Imp. Dih.          LJ-14
    1.54157e+03    3.79207e+03    5.23115e+03    2.87676e+02    1.86456e+03
     Coulomb-14        LJ (SR)  Disper. corr.   Coulomb (SR)   Coul. recip.
    2.25191e+04    4.12875e+04   -2.27330e+03   -4.00990e+05    1.33586e+03
 Position Rest.      Potential    Kinetic En.   Total Energy  Conserved En.
    5.30858e+02   -3.24873e+05    6.16875e+04   -2.63185e+05   -3.18604e+05
    Temperature Pres. DC (bar) Pressure (bar)   Constr. rmsd
    3.01923e+02   -1.53528e+02   -3.12300e+02    2.99152e-06

           Step           Time
          96000      192.00000

   Energies (kJ/mol)
           Bond          Angle    Proper Dih. Per. Imp. Dih.          LJ-14
    1.46843e+03    3.90042e+03    5.25542e+03    2.61172e+02    1.87172e+03
     Coulomb-14        LJ (SR)  Disper. corr.   Coulomb (SR)   Coul. recip.
    2.23974e+04    4.11422e+04   -2.27330e+03   -4.01053e+05    1.25005e+03
 Position Rest.      Potential    Kinetic En.   Total Energy  Conserved En.
    5.17243e+02   -3.25262e+05    6.16599e+04   -2.63602e+05   -3.18588e+05
    Temperature Pres. DC (bar) Pressure (bar)   Constr. rmsd
    3.01788e+02   -1.53528e+02   -6.07996e+02    2.99152e-06

           Step           Time
          97000      194.00000

   Energies (kJ/mol)
           Bond          Angle    Proper Dih. Per. Imp. Dih.          LJ-14
    1.49469e+03    3.87281e+03    5.22714e+03    2.84820e+02    1.84959e+03
     Coulomb-14        LJ (SR)  Disper. corr.   Coulomb (SR)   Coul. recip.
    2.23565e+04    4.10640e+04   -2.27330e+03   -4.01443e+05    1.37055e+03
 Position Rest.      Potential    Kinetic En.   Total Energy  Conserved En.
    4.89138e+02   -3.25707e+05    6.11781e+04   -2.64529e+05   -3.18588e+05
    Temperature Pres. DC (bar) Pressure (bar)   Constr. rmsd
    2.99430e+02   -1.53528e+02   -3.96533e+02    2.99152e-06

           Step           Time
          98000      196.00000

   Energies (kJ/mol)
           Bond          Angle    Proper Dih. Per. Imp. Dih.          LJ-14
    1.62461e+03    3.74295e+03    5.23721e+03    2.52260e+02    1.83325e+03
     Coulomb-14        LJ (SR)  Disper. corr.   Coulomb (SR)   Coul. recip.
    2.24932e+04    4.15903e+04   -2.27330e+03   -4.01987e+05    1.28885e+03
 Position Rest.      Potential    Kinetic En.   Total Energy  Conserved En.
    4.59616e+02   -3.25738e+05    6.13770e+04   -2.64361e+05   -3.18586e+05
    Temperature Pres. DC (bar) Pressure (bar)   Constr. rmsd
    3.00403e+02   -1.53528e+02   -2.70810e+02    2.99152e-06

           Step           Time
          99000      198.00000

   Energies (kJ/mol)
           Bond          Angle    Proper Dih. Per. Imp. Dih.          LJ-14
    1.55552e+03    3.94426e+03    5.24274e+03    2.75650e+02    1.82041e+03
     Coulomb-14        LJ (SR)  Disper. corr.   Coulomb (SR)   Coul. recip.
    2.22317e+04    4.08225e+04   -2.27330e+03   -4.01170e+05    1.28650e+03
 Position Rest.      Potential    Kinetic En.   Total Energy  Conserved En.
    4.75532e+02   -3.25788e+05    6.12810e+04   -2.64507e+05   -3.18593e+05
    Temperature Pres. DC (bar) Pressure (bar)   Constr. rmsd
    2.99933e+02   -1.53528e+02   -4.55801e+02    2.99152e-06

           Step           Time
         100000      200.00000

   Energies (kJ/mol)
           Bond          Angle    Proper Dih. Per. Imp. Dih.          LJ-14
    1.47551e+03    3.79109e+03    5.19423e+03    2.65919e+02    1.85686e+03
     Coulomb-14        LJ (SR)  Disper. corr.   Coulomb (SR)   Coul. recip.
    2.23412e+04    4.19166e+04   -2.27330e+03   -4.02987e+05    1.28455e+03
 Position Rest.      Potential    Kinetic En.   Total Energy  Conserved En.
    4.75567e+02   -3.26659e+05    6.11112e+04   -2.65548e+05   -3.18607e+05
    Temperature Pres. DC (bar) Pressure (bar)   Constr. rmsd
    2.99102e+02   -1.53528e+02   -4.41446e+02    2.99152e-06

           Step           Time
         101000      202.00000

   Energies (kJ/mol)
           Bond          Angle    Proper Dih. Per. Imp. Dih.          LJ-14
    1.48545e+03    3.91250e+03    5.23177e+03    2.53066e+02    1.84004e+03
     Coulomb-14        LJ (SR)  Disper. corr.   Coulomb (SR)   Coul. recip.
    2.23321e+04    4.15042e+04   -2.27330e+03   -4.02972e+05    1.26887e+03
 Position Rest.      Potential    Kinetic En.   Total Energy  Conserved En.
    4.33811e+02   -3.26983e+05    6.09283e+04   -2.66055e+05   -3.18595e+05
    Temperature Pres. DC (bar) Pressure (bar)   Constr. rmsd
    2.98207e+02   -1.53528e+02   -4.07479e+02    2.99152e-06

           Step           Time
         102000      204.00000

   Energies (kJ/mol)
           Bond          Angle    Proper Dih. Per. Imp. Dih.          LJ-14
    1.47369e+03    3.68843e+03    5.25067e+03    2.78199e+02    1.87355e+03
     Coulomb-14        LJ (SR)  Disper. corr.   Coulomb (SR)   Coul. recip.
    2.23059e+04    4.03584e+04   -2.27330e+03   -4.00697e+05    1.29257e+03
 Position Rest.      Potential    Kinetic En.   Total Energy  Conserved En.
    4.79310e+02   -3.25970e+05    6.12067e+04   -2.64763e+05   -3.18610e+05
    Temperature Pres. DC (bar) Pressure (bar)   Constr. rmsd
    2.99570e+02   -1.53528e+02   -8.89572e+02    2.99152e-06

           Step           Time
         103000      206.00000

   Energies (kJ/mol)
           Bond          Angle    Proper Dih. Per. Imp. Dih.          LJ-14
    1.50181e+03    3.67741e+03    5.30933e+03    2.62482e+02    1.85977e+03
     Coulomb-14        LJ (SR)  Disper. corr.   Coulomb (SR)   Coul. recip.
    2.24486e+04    4.08758e+04   -2.27330e+03   -4.01655e+05    1.26353e+03
 Position Rest.      Potential    Kinetic En.   Total Energy  Conserved En.
    5.57117e+02   -3.26172e+05    6.08114e+04   -2.65361e+05   -3.18614e+05
    Temperature Pres. DC (bar) Pressure (bar)   Constr. rmsd
    2.97635e+02   -1.53528e+02   -3.69343e+02    2.99152e-06

           Step           Time
         104000      208.00000

   Energies (kJ/mol)
           Bond          Angle    Proper Dih. Per. Imp. Dih.          LJ-14
    1.43103e+03    3.84775e+03    5.19925e+03    2.77734e+02    1.87174e+03
     Coulomb-14        LJ (SR)  Disper. corr.   Coulomb (SR)   Coul. recip.
    2.22062e+04    4.12570e+04   -2.27330e+03   -4.02015e+05    1.35084e+03
 Position Rest.      Potential    Kinetic En.   Total Energy  Conserved En.
    5.02900e+02   -3.26344e+05    6.22727e+04   -2.64071e+05   -3.18615e+05
    Temperature Pres. DC (bar) Pressure (bar)   Constr. rmsd
    3.04787e+02   -1.53528e+02   -9.03661e+01    2.99152e-06

           Step           Time
         105000      210.00000

   Energies (kJ/mol)
           Bond          Angle    Proper Dih. Per. Imp. Dih.          LJ-14
    1.53462e+03    3.73066e+03    5.20441e+03    2.66531e+02    1.89860e+03
     Coulomb-14        LJ (SR)  Disper. corr.   Coulomb (SR)   Coul. recip.
    2.22814e+04    4.14526e+04   -2.27330e+03   -4.02369e+05    1.28874e+03
 Position Rest.      Potential    Kinetic En.   Total Energy  Conserved En.
    4.99383e+02   -3.26485e+05    6.11842e+04   -2.65301e+05   -3.18605e+05
    Temperature Pres. DC (bar) Pressure (bar)   Constr. rmsd
    2.99460e+02   -1.53528e+02   -7.59184e+01    2.99152e-06

           Step           Time
         106000      212.00000

   Energies (kJ/mol)
           Bond          Angle    Proper Dih. Per. Imp. Dih.          LJ-14
    1.57373e+03    3.74242e+03    5.16780e+03    2.52822e+02    1.87665e+03
     Coulomb-14        LJ (SR)  Disper. corr.   Coulomb (SR)   Coul. recip.
    2.23765e+04    4.18710e+04   -2.27330e+03   -4.02730e+05    1.33092e+03
 Position Rest.      Potential    Kinetic En.   Total Energy  Conserved En.
    5.26332e+02   -3.26285e+05    6.17230e+04   -2.64562e+05   -3.18617e+05
    Temperature Pres. DC (bar) Pressure (bar)   Constr. rmsd
    3.02097e+02   -1.53528e+02   -1.87750e+02    2.99152e-06

           Step           Time
         107000      214.00000

   Energies (kJ/mol)
           Bond          Angle    Proper Dih. Per. Imp. Dih.          LJ-14
    1.49816e+03    3.83501e+03    5.22860e+03    2.54114e+02    1.93057e+03
     Coulomb-14        LJ (SR)  Disper. corr.   Coulomb (SR)   Coul. recip.
    2.24879e+04    4.23038e+04   -2.27330e+03   -4.04071e+05    1.26987e+03
 Position Rest.      Potential    Kinetic En.   Total Energy  Conserved En.
    4.66702e+02   -3.27070e+05    6.21760e+04   -2.64894e+05   -3.18610e+05
    Temperature Pres. DC (bar) Pressure (bar)   Constr. rmsd
    3.04314e+02   -1.53528e+02    3.14074e+02    2.99152e-06

           Step           Time
         108000      216.00000

   Energies (kJ/mol)
           Bond          Angle    Proper Dih. Per. Imp. Dih.          LJ-14
    1.51227e+03    3.66702e+03    5.34420e+03    2.70951e+02    1.82731e+03
     Coulomb-14        LJ (SR)  Disper. corr.   Coulomb (SR)   Coul. recip.
    2.23693e+04    4.18560e+04   -2.27330e+03   -4.03439e+05    1.23006e+03
 Position Rest.      Potential    Kinetic En.   Total Energy  Conserved En.
    4.79648e+02   -3.27156e+05    6.09592e+04   -2.66197e+05   -3.18613e+05
    Temperature Pres. DC (bar) Pressure (bar)   Constr. rmsd
    2.98358e+02   -1.53528e+02   -6.07136e+02    2.99152e-06

           Step           Time
         109000      218.00000

   Energies (kJ/mol)
           Bond          Angle    Proper Dih. Per. Imp. Dih.          LJ-14
    1.52246e+03    3.72805e+03    5.31994e+03    2.43416e+02    1.85456e+03
     Coulomb-14        LJ (SR)  Disper. corr.   Coulomb (SR)   Coul. recip.
    2.24328e+04    4.12965e+04   -2.27330e+03   -4.01676e+05    1.40130e+03
 Position Rest.      Potential    Kinetic En.   Total Energy  Conserved En.
    4.38981e+02   -3.25711e+05    6.13174e+04   -2.64393e+05   -3.18637e+05
    Temperature Pres. DC (bar) Pressure (bar)   Constr. rmsd
    3.00111e+02   -1.53528e+02    2.76532e+02    2.99152e-06

           Step           Time
         110000      220.00000

   Energies (kJ/mol)
           Bond          Angle    Proper Dih. Per. Imp. Dih.          LJ-14
    1.47059e+03    3.89876e+03    5.21490e+03    2.58792e+02    1.89979e+03
     Coulomb-14        LJ (SR)  Disper. corr.   Coulomb (SR)   Coul. recip.
    2.24204e+04    4.05736e+04   -2.27330e+03   -4.01052e+05    1.37186e+03
 Position Rest.      Potential    Kinetic En.   Total Energy  Conserved En.
    5.43017e+02   -3.25673e+05    6.16490e+04   -2.64024e+05   -3.18622e+05
    Temperature Pres. DC (bar) Pressure (bar)   Constr. rmsd
    3.01734e+02   -1.53528e+02   -8.23247e+01    2.99152e-06

           Step           Time
         111000      222.00000

   Energies (kJ/mol)
           Bond          Angle    Proper Dih. Per. Imp. Dih.          LJ-14
    1.51767e+03    3.71289e+03    5.21987e+03    2.73946e+02    1.79188e+03
     Coulomb-14        LJ (SR)  Disper. corr.   Coulomb (SR)   Coul. recip.
    2.22968e+04    4.21518e+04   -2.27330e+03   -4.03288e+05    1.29626e+03
 Position Rest.      Potential    Kinetic En.   Total Energy  Conserved En.
    4.55255e+02   -3.26845e+05    6.12550e+04   -2.65590e+05   -3.18621e+05
    Temperature Pres. DC (bar) Pressure (bar)   Constr. rmsd
    2.99806e+02   -1.53528e+02   -4.95314e+01    2.99152e-06

           Step           Time
         112000      224.00000

   Energies (kJ/mol)
           Bond          Angle    Proper Dih. Per. Imp. Dih.          LJ-14
    1.38933e+03    3.78015e+03    5.24131e+03    3.09903e+02    1.80980e+03
     Coulomb-14        LJ (SR)  Disper. corr.   Coulomb (SR)   Coul. recip.
    2.23988e+04    4.10502e+04   -2.27330e+03   -4.01845e+05    1.35264e+03
 Position Rest.      Potential    Kinetic En.   Total Energy  Conserved En.
    5.09576e+02   -3.26277e+05    6.13939e+04   -2.64883e+05   -3.18620e+05
    Temperature Pres. DC (bar) Pressure (bar)   Constr. rmsd
    3.00486e+02   -1.53528e+02   -4.75218e+02    2.99152e-06

           Step           Time
         113000      226.00000

   Energies (kJ/mol)
           Bond          Angle    Proper Dih. Per. Imp. Dih.          LJ-14
    1.38717e+03    3.81230e+03    5.24274e+03    2.72288e+02    1.92061e+03
     Coulomb-14        LJ (SR)  Disper. corr.   Coulomb (SR)   Coul. recip.
    2.23763e+04    4.06566e+04   -2.27330e+03   -4.01225e+05    1.31677e+03
 Position Rest.      Potential    Kinetic En.   Total Energy  Conserved En.
    4.90092e+02   -3.26023e+05    6.12552e+04   -2.64768e+05   -3.18618e+05
    Temperature Pres. DC (bar) Pressure (bar)   Constr. rmsd
    2.99807e+02   -1.53528e+02   -5.59256e+02    2.99152e-06

           Step           Time
         114000      228.00000

   Energies (kJ/mol)
           Bond          Angle    Proper Dih. Per. Imp. Dih.          LJ-14
    1.55433e+03    3.80063e+03    5.24867e+03    2.61783e+02    1.80791e+03
     Coulomb-14        LJ (SR)  Disper. corr.   Coulomb (SR)   Coul. recip.
    2.22722e+04    4.15095e+04   -2.27330e+03   -4.01781e+05    1.33751e+03
 Position Rest.      Potential    Kinetic En.   Total Energy  Conserved En.
    5.01196e+02   -3.25760e+05    6.10393e+04   -2.64721e+05   -3.18619e+05
    Temperature Pres. DC (bar) Pressure (bar)   Constr. rmsd
    2.98750e+02   -1.53528e+02   -9.15437e+01    2.99152e-06

           Step           Time
         115000      230.00000

   Energies (kJ/mol)
           Bond          Angle    Proper Dih. Per. Imp. Dih.          LJ-14
    1.53140e+03    3.87416e+03    5.19681e+03    2.68031e+02    1.81891e+03
     Coulomb-14        LJ (SR)  Disper. corr.   Coulomb (SR)   Coul. recip.
    2.22182e+04    4.22844e+04   -2.27330e+03   -4.02179e+05    1.30913e+03
 Position Rest.      Potential    Kinetic En.   Total Energy  Conserved En.
    5.25886e+02   -3.25425e+05    6.08426e+04   -2.64583e+05   -3.18617e+05
    Temperature Pres. DC (bar) Pressure (bar)   Constr. rmsd
    2.97787e+02   -1.53528e+02   -1.47793e+02    2.99152e-06

           Step           Time
         116000      232.00000

   Energies (kJ/mol)
           Bond          Angle    Proper Dih. Per. Imp. Dih.          LJ-14
    1.42267e+03    3.91559e+03    5.35797e+03    3.13606e+02    1.83449e+03
     Coulomb-14        LJ (SR)  Disper. corr.   Coulomb (SR)   Coul. recip.
    2.24636e+04    4.11860e+04   -2.27330e+03   -4.01577e+05    1.28266e+03
 Position Rest.      Potential    Kinetic En.   Total Energy  Conserved En.
    4.93000e+02   -3.25581e+05    6.14054e+04   -2.64176e+05   -3.18634e+05
    Temperature Pres. DC (bar) Pressure (bar)   Constr. rmsd
    3.00542e+02   -1.53528e+02   -6.11575e+02    2.99152e-06

           Step           Time
         117000      234.00000

   Energies (kJ/mol)
           Bond          Angle    Proper Dih. Per. Imp. Dih.          LJ-14
    1.44945e+03    3.72983e+03    5.35195e+03    2.79574e+02    1.85623e+03
     Coulomb-14        LJ (SR)  Disper. corr.   Coulomb (SR)   Coul. recip.
    2.25182e+04    4.25902e+04   -2.27330e+03   -4.03654e+05    1.28943e+03
 Position Rest.      Potential    Kinetic En.   Total Energy  Conserved En.
    5.12092e+02   -3.26350e+05    6.12011e+04   -2.65149e+05   -3.18639e+05
    Temperature Pres. DC (bar) Pressure (bar)   Constr. rmsd
    2.99542e+02   -1.53528e+02   -1.25422e+02    2.99152e-06

           Step           Time
         118000      236.00000

   Energies (kJ/mol)
           Bond          Angle    Proper Dih. Per. Imp. Dih.          LJ-14
    1.70150e+03    3.84766e+03    5.28825e+03    2.80521e+02    1.79967e+03
     Coulomb-14        LJ (SR)  Disper. corr.   Coulomb (SR)   Coul. recip.
    2.22106e+04    4.07611e+04   -2.27330e+03   -4.01899e+05    1.31099e+03
 Position Rest.      Potential    Kinetic En.   Total Energy  Conserved En.
    5.21678e+02   -3.26450e+05    6.19330e+04   -2.64517e+05   -3.18629e+05
    Temperature Pres. DC (bar) Pressure (bar)   Constr. rmsd
    3.03124e+02   -1.53528e+02   -2.18821e+02    2.99152e-06

           Step           Time
         119000      238.00000

   Energies (kJ/mol)
           Bond          Angle    Proper Dih. Per. Imp. Dih.          LJ-14
    1.50252e+03    3.67099e+03    5.24369e+03    2.79428e+02    1.88164e+03
     Coulomb-14        LJ (SR)  Disper. corr.   Coulomb (SR)   Coul. recip.
    2.24108e+04    4.18599e+04   -2.27330e+03   -4.03570e+05    1.29732e+03
 Position Rest.      Potential    Kinetic En.   Total Energy  Conserved En.
    5.23935e+02   -3.27173e+05    6.12199e+04   -2.65953e+05   -3.18639e+05
    Temperature Pres. DC (bar) Pressure (bar)   Constr. rmsd
    2.99634e+02   -1.53528e+02   -3.42502e+02    2.99152e-06

           Step           Time
         120000      240.00000

   Energies (kJ/mol)
           Bond          Angle    Proper Dih. Per. Imp. Dih.          LJ-14
    1.47426e+03    3.79384e+03    5.27985e+03    2.87948e+02    1.83193e+03
     Coulomb-14        LJ (SR)  Disper. corr.   Coulomb (SR)   Coul. recip.
    2.23434e+04    4.09510e+04   -2.27330e+03   -4.02316e+05    1.24637e+03
 Position Rest.      Potential    Kinetic En.   Total Energy  Conserved En.
    5.09492e+02   -3.26871e+05    6.09391e+04   -2.65932e+05   -3.18641e+05
    Temperature Pres. DC (bar) Pressure (bar)   Constr. rmsd
    2.98260e+02   -1.53528e+02   -8.25950e+02    2.99152e-06

           Step           Time
         121000      242.00000

   Energies (kJ/mol)
           Bond          Angle    Proper Dih. Per. Imp. Dih.          LJ-14
    1.52513e+03    3.89055e+03    5.21278e+03    2.49739e+02    1.83010e+03
     Coulomb-14        LJ (SR)  Disper. corr.   Coulomb (SR)   Coul. recip.
    2.23561e+04    4.10506e+04   -2.27330e+03   -4.01854e+05    1.31819e+03
 Position Rest.      Potential    Kinetic En.   Total Energy  Conserved En.
    5.36600e+02   -3.26157e+05    6.11651e+04   -2.64992e+05   -3.18645e+05
    Temperature Pres. DC (bar) Pressure (bar)   Constr. rmsd
    2.99366e+02   -1.53528e+02   -2.32856e+02    2.99152e-06

           Step           Time
         122000      244.00000

   Energies (kJ/mol)
           Bond          Angle    Proper Dih. Per. Imp. Dih.          LJ-14
    1.50261e+03    3.73038e+03    5.22237e+03    2.86494e+02    1.87360e+03
     Coulomb-14        LJ (SR)  Disper. corr.   Coulomb (SR)   Coul. recip.
    2.24902e+04    4.27682e+04   -2.27330e+03   -4.03334e+05    1.31686e+03
 Position Rest.      Potential    Kinetic En.   Total Energy  Conserved En.
    5.10067e+02   -3.25906e+05    6.09695e+04   -2.64937e+05   -3.18655e+05
    Temperature Pres. DC (bar) Pressure (bar)   Constr. rmsd
    2.98409e+02   -1.53528e+02   -3.09673e+02    2.99152e-06

           Step           Time
         123000      246.00000

   Energies (kJ/mol)
           Bond          Angle    Proper Dih. Per. Imp. Dih.          LJ-14
    1.49391e+03    3.78746e+03    5.22203e+03    2.63131e+02    1.86613e+03
     Coulomb-14        LJ (SR)  Disper. corr.   Coulomb (SR)   Coul. recip.
    2.23067e+04    4.14214e+04   -2.27330e+03   -4.02253e+05    1.24751e+03
 Position Rest.      Potential    Kinetic En.   Total Energy  Conserved En.
    3.89619e+02   -3.26528e+05    6.14276e+04   -2.65100e+05   -3.18667e+05
    Temperature Pres. DC (bar) Pressure (bar)   Constr. rmsd
    3.00651e+02   -1.53528e+02   -8.06239e+02    2.99152e-06

           Step           Time
         124000      248.00000

   Energies (kJ/mol)
           Bond          Angle    Proper Dih. Per. Imp. Dih.          LJ-14
    1.48304e+03    3.82044e+03    5.18906e+03    2.75426e+02    1.90992e+03
     Coulomb-14        LJ (SR)  Disper. corr.   Coulomb (SR)   Coul. recip.
    2.24605e+04    4.18923e+04   -2.27330e+03   -4.02200e+05    1.36429e+03
 Position Rest.      Potential    Kinetic En.   Total Energy  Conserved En.
    4.83133e+02   -3.25595e+05    6.12091e+04   -2.64386e+05   -3.18656e+05
    Temperature Pres. DC (bar) Pressure (bar)   Constr. rmsd
    2.99581e+02   -1.53528e+02   -1.11501e+00    2.99152e-06

           Step           Time
         125000      250.00000

   Energies (kJ/mol)
           Bond          Angle    Proper Dih. Per. Imp. Dih.          LJ-14
    1.56700e+03    3.72842e+03    5.24889e+03    2.58164e+02    1.87426e+03
     Coulomb-14        LJ (SR)  Disper. corr.   Coulomb (SR)   Coul. recip.
    2.23329e+04    4.09690e+04   -2.27330e+03   -4.01400e+05    1.28186e+03
 Position Rest.      Potential    Kinetic En.   Total Energy  Conserved En.
    5.51895e+02   -3.25861e+05    6.15645e+04   -2.64297e+05   -3.18656e+05
    Temperature Pres. DC (bar) Pressure (bar)   Constr. rmsd
    3.01321e+02   -1.53528e+02   -1.26912e+02    2.99152e-06

           Step           Time
         126000      252.00000

   Energies (kJ/mol)
           Bond          Angle    Proper Dih. Per. Imp. Dih.          LJ-14
    1.51748e+03    3.84805e+03    5.16386e+03    2.41535e+02    1.84427e+03
     Coulomb-14        LJ (SR)  Disper. corr.   Coulomb (SR)   Coul. recip.
    2.24057e+04    4.15485e+04   -2.27330e+03   -4.01753e+05    1.36064e+03
 Position Rest.      Potential    Kinetic En.   Total Energy  Conserved En.
    4.79368e+02   -3.25617e+05    6.06005e+04   -2.65016e+05   -3.18667e+05
    Temperature Pres. DC (bar) Pressure (bar)   Constr. rmsd
    2.96603e+02   -1.53528e+02    5.47975e+02    2.99152e-06

           Step           Time
         127000      254.00000

   Energies (kJ/mol)
           Bond          Angle    Proper Dih. Per. Imp. Dih.          LJ-14
    1.52553e+03    3.90045e+03    5.27327e+03    2.36781e+02    1.93555e+03
     Coulomb-14        LJ (SR)  Disper. corr.   Coulomb (SR)   Coul. recip.
    2.23904e+04    4.04990e+04   -2.27330e+03   -4.00575e+05    1.32586e+03
 Position Rest.      Potential    Kinetic En.   Total Energy  Conserved En.
    5.34367e+02   -3.25227e+05    6.16090e+04   -2.63618e+05   -3.18675e+05
    Temperature Pres. DC (bar) Pressure (bar)   Constr. rmsd
    3.01539e+02   -1.53528e+02   -3.39565e+02    2.99152e-06

           Step           Time
         128000      256.00000

   Energies (kJ/mol)
           Bond          Angle    Proper Dih. Per. Imp. Dih.          LJ-14
    1.66567e+03    3.85048e+03    5.18305e+03    2.44005e+02    1.91506e+03
     Coulomb-14        LJ (SR)  Disper. corr.   Coulomb (SR)   Coul. recip.
    2.23591e+04    4.16394e+04   -2.27330e+03   -4.02187e+05    1.28440e+03
 Position Rest.      Potential    Kinetic En.   Total Energy  Conserved En.
    5.61839e+02   -3.25757e+05    6.17058e+04   -2.64051e+05   -3.18670e+05
    Temperature Pres. DC (bar) Pressure (bar)   Constr. rmsd
    3.02012e+02   -1.53528e+02    2.31897e+02    2.99152e-06

           Step           Time
         129000      258.00000

   Energies (kJ/mol)
           Bond          Angle    Proper Dih. Per. Imp. Dih.          LJ-14
    1.47303e+03    3.60322e+03    5.30613e+03    2.74329e+02    1.81799e+03
     Coulomb-14        LJ (SR)  Disper. corr.   Coulomb (SR)   Coul. recip.
    2.23774e+04    4.12307e+04   -2.27330e+03   -4.02491e+05    1.33857e+03
 Position Rest.      Potential    Kinetic En.   Total Energy  Conserved En.
    5.03404e+02   -3.26839e+05    6.10607e+04   -2.65778e+05   -3.18695e+05
    Temperature Pres. DC (bar) Pressure (bar)   Constr. rmsd
    2.98855e+02   -1.53528e+02   -7.12630e+02    2.99152e-06

           Step           Time
         130000      260.00000

   Energies (kJ/mol)
           Bond          Angle    Proper Dih. Per. Imp. Dih.          LJ-14
    1.48211e+03    3.97998e+03    5.20790e+03    2.55286e+02    1.81365e+03
     Coulomb-14        LJ (SR)  Disper. corr.   Coulomb (SR)   Coul. recip.
    2.23064e+04    4.08571e+04   -2.27330e+03   -4.00923e+05    1.28735e+03
 Position Rest.      Potential    Kinetic En.   Total Energy  Conserved En.
    4.81512e+02   -3.25525e+05    6.16466e+04   -2.63878e+05   -3.18680e+05
    Temperature Pres. DC (bar) Pressure (bar)   Constr. rmsd
    3.01723e+02   -1.53528e+02   -5.69662e+02    2.99152e-06

           Step           Time
         131000      262.00000

   Energies (kJ/mol)
           Bond          Angle    Proper Dih. Per. Imp. Dih.          LJ-14
    1.51970e+03    3.71827e+03    5.24973e+03    2.68003e+02    1.86517e+03
     Coulomb-14        LJ (SR)  Disper. corr.   Coulomb (SR)   Coul. recip.
    2.23650e+04    4.12836e+04   -2.27330e+03   -4.01964e+05    1.22384e+03
 Position Rest.      Potential    Kinetic En.   Total Energy  Conserved En.
    5.24933e+02   -3.26219e+05    6.09949e+04   -2.65224e+05   -3.18701e+05
    Temperature Pres. DC (bar) Pressure (bar)   Constr. rmsd
    2.98533e+02   -1.53528e+02   -8.61058e+01    2.99152e-06

           Step           Time
         132000      264.00000

   Energies (kJ/mol)
           Bond          Angle    Proper Dih. Per. Imp. Dih.          LJ-14
    1.46985e+03    3.82112e+03    5.25887e+03    2.66517e+02    1.80901e+03
     Coulomb-14        LJ (SR)  Disper. corr.   Coulomb (SR)   Coul. recip.
    2.23829e+04    4.14759e+04   -2.27330e+03   -4.02882e+05    1.33967e+03
 Position Rest.      Potential    Kinetic En.   Total Energy  Conserved En.
    5.06095e+02   -3.26825e+05    6.13883e+04   -2.65437e+05   -3.18686e+05
    Temperature Pres. DC (bar) Pressure (bar)   Constr. rmsd
    3.00458e+02   -1.53528e+02   -1.75084e+02    2.99152e-06

           Step           Time
         133000      266.00000

   Energies (kJ/mol)
           Bond          Angle    Proper Dih. Per. Imp. Dih.          LJ-14
    1.52087e+03    3.83249e+03    5.30177e+03    2.78860e+02    1.87297e+03
     Coulomb-14        LJ (SR)  Disper. corr.   Coulomb (SR)   Coul. recip.
    2.23333e+04    4.09283e+04   -2.27330e+03   -4.01382e+05    1.31890e+03
 Position Rest.      Potential    Kinetic En.   Total Energy  Conserved En.
    5.34582e+02   -3.25733e+05    6.16405e+04   -2.64093e+05   -3.18694e+05
    Temperature Pres. DC (bar) Pressure (bar)   Constr. rmsd
    3.01693e+02   -1.53528e+02   -5.91592e+02    2.99152e-06

           Step           Time
         134000      268.00000

   Energies (kJ/mol)
           Bond          Angle    Proper Dih. Per. Imp. Dih.          LJ-14
    1.51209e+03    3.66791e+03    5.20194e+03    2.61906e+02    1.83929e+03
     Coulomb-14        LJ (SR)  Disper. corr.   Coulomb (SR)   Coul. recip.
    2.25205e+04    4.08893e+04   -2.27330e+03   -4.01493e+05    1.32935e+03
 Position Rest.      Potential    Kinetic En.   Total Energy  Conserved En.
    5.44552e+02   -3.25999e+05    6.14031e+04   -2.64596e+05   -3.18712e+05
    Temperature Pres. DC (bar) Pressure (bar)   Constr. rmsd
    3.00531e+02   -1.53528e+02   -9.08663e+02    2.99152e-06

           Step           Time
         135000      270.00000

   Energies (kJ/mol)
           Bond          Angle    Proper Dih. Per. Imp. Dih.          LJ-14
    1.48147e+03    3.69303e+03    5.26257e+03    2.95217e+02    1.80382e+03
     Coulomb-14        LJ (SR)  Disper. corr.   Coulomb (SR)   Coul. recip.
    2.24816e+04    4.12316e+04   -2.27330e+03   -4.01990e+05    1.31007e+03
 Position Rest.      Potential    Kinetic En.   Total Energy  Conserved En.
    5.04396e+02   -3.26199e+05    6.10774e+04   -2.65122e+05   -3.18706e+05
    Temperature Pres. DC (bar) Pressure (bar)   Constr. rmsd
    2.98937e+02   -1.53528e+02   -8.65480e+02    2.99152e-06

           Step           Time
         136000      272.00000

   Energies (kJ/mol)
           Bond          Angle    Proper Dih. Per. Imp. Dih.          LJ-14
    1.50307e+03    3.81462e+03    5.37661e+03    2.68080e+02    1.79912e+03
     Coulomb-14        LJ (SR)  Disper. corr.   Coulomb (SR)   Coul. recip.
    2.24287e+04    4.11742e+04   -2.27330e+03   -4.00670e+05    1.30158e+03
 Position Rest.      Potential    Kinetic En.   Total Energy  Conserved En.
    4.89926e+02   -3.24787e+05    6.16186e+04   -2.63168e+05   -3.18701e+05
    Temperature Pres. DC (bar) Pressure (bar)   Constr. rmsd
    3.01586e+02   -1.53528e+02   -2.90529e+02    2.99152e-06

           Step           Time
         137000      274.00000

   Energies (kJ/mol)
           Bond          Angle    Proper Dih. Per. Imp. Dih.          LJ-14
    1.64222e+03    3.53799e+03    5.24667e+03    2.56437e+02    1.85001e+03
     Coulomb-14        LJ (SR)  Disper. corr.   Coulomb (SR)   Coul. recip.
    2.24827e+04    4.08146e+04   -2.27330e+03   -4.02673e+05    1.29423e+03
 Position Rest.      Potential    Kinetic En.   Total Energy  Conserved En.
    4.94297e+02   -3.27327e+05    6.14563e+04   -2.65870e+05   -3.18727e+05
    Temperature Pres. DC (bar) Pressure (bar)   Constr. rmsd
    3.00791e+02   -1.53528e+02   -1.07239e+03    2.99152e-06

           Step           Time
         138000      276.00000

   Energies (kJ/mol)
           Bond          Angle    Proper Dih. Per. Imp. Dih.          LJ-14
    1.53237e+03    3.84098e+03    5.27397e+03    2.48192e+02    1.87505e+03
     Coulomb-14        LJ (SR)  Disper. corr.   Coulomb (SR)   Coul. recip.
    2.23088e+04    4.14388e+04   -2.27330e+03   -4.02037e+05    1.36079e+03
 Position Rest.      Potential    Kinetic En.   Total Energy  Conserved En.
    5.16908e+02   -3.25915e+05    6.16652e+04   -2.64250e+05   -3.18707e+05
    Temperature Pres. DC (bar) Pressure (bar)   Constr. rmsd
    3.01814e+02   -1.53528e+02   -2.55323e+02    2.99152e-06

           Step           Time
         139000      278.00000

   Energies (kJ/mol)
           Bond          Angle    Proper Dih. Per. Imp. Dih.          LJ-14
    1.56881e+03    3.85115e+03    5.22185e+03    2.95880e+02    1.83331e+03
     Coulomb-14        LJ (SR)  Disper. corr.   Coulomb (SR)   Coul. recip.
    2.23270e+04    4.12706e+04   -2.27330e+03   -4.01203e+05    1.27682e+03
 Position Rest.      Potential    Kinetic En.   Total Energy  Conserved En.
    4.72993e+02   -3.25358e+05    6.07549e+04   -2.64603e+05   -3.18704e+05
    Temperature Pres. DC (bar) Pressure (bar)   Constr. rmsd
    2.97358e+02   -1.53528e+02   -8.09226e+02    2.99152e-06

           Step           Time
         140000      280.00000

   Energies (kJ/mol)
           Bond          Angle    Proper Dih. Per. Imp. Dih.          LJ-14
    1.47952e+03    3.82462e+03    5.24819e+03    2.67659e+02    1.81485e+03
     Coulomb-14        LJ (SR)  Disper. corr.   Coulomb (SR)   Coul. recip.
    2.23466e+04    4.19024e+04   -2.27330e+03   -4.02772e+05    1.32434e+03
 Position Rest.      Potential    Kinetic En.   Total Energy  Conserved En.
    4.92113e+02   -3.26345e+05    6.20277e+04   -2.64317e+05   -3.18725e+05
    Temperature Pres. DC (bar) Pressure (bar)   Constr. rmsd
    3.03588e+02   -1.53528e+02   -3.98890e+01    2.99152e-06

           Step           Time
         141000      282.00000

   Energies (kJ/mol)
           Bond          Angle    Proper Dih. Per. Imp. Dih.          LJ-14
    1.55050e+03    3.64852e+03    5.24436e+03    2.85294e+02    1.82565e+03
     Coulomb-14        LJ (SR)  Disper. corr.   Coulomb (SR)   Coul. recip.
    2.25022e+04    4.12081e+04   -2.27330e+03   -4.02417e+05    1.36228e+03
 Position Rest.      Potential    Kinetic En.   Total Energy  Conserved En.
    5.39023e+02   -3.26524e+05    6.15445e+04   -2.64979e+05   -3.18721e+05
    Temperature Pres. DC (bar) Pressure (bar)   Constr. rmsd
    3.01223e+02   -1.53528e+02   -3.61273e+02    2.99152e-06

           Step           Time
         142000      284.00000

   Energies (kJ/mol)
           Bond          Angle    Proper Dih. Per. Imp. Dih.          LJ-14
    1.54489e+03    3.69748e+03    5.27703e+03    3.00086e+02    1.85618e+03
     Coulomb-14        LJ (SR)  Disper. corr.   Coulomb (SR)   Coul. recip.
    2.23600e+04    4.15557e+04   -2.27330e+03   -4.03831e+05    1.26782e+03
 Position Rest.      Potential    Kinetic En.   Total Energy  Conserved En.
    5.07473e+02   -3.27738e+05    6.20659e+04   -2.65672e+05   -3.18734e+05
    Temperature Pres. DC (bar) Pressure (bar)   Constr. rmsd
    3.03775e+02   -1.53528e+02   -1.55598e+02    2.99152e-06

           Step           Time
         143000      286.00000

   Energies (kJ/mol)
           Bond          Angle    Proper Dih. Per. Imp. Dih.          LJ-14
    1.46118e+03    3.61316e+03    5.30443e+03    2.85866e+02    1.90950e+03
     Coulomb-14        LJ (SR)  Disper. corr.   Coulomb (SR)   Coul. recip.
    2.25768e+04    4.10698e+04   -2.27330e+03   -4.01516e+05    1.32156e+03
 Position Rest.      Potential    Kinetic En.   Total Energy  Conserved En.
    4.99849e+02   -3.25748e+05    6.05460e+04   -2.65202e+05   -3.18731e+05
    Temperature Pres. DC (bar) Pressure (bar)   Constr. rmsd
    2.96336e+02   -1.53528e+02   -8.19434e+02    2.99152e-06

           Step           Time
         144000      288.00000

   Energies (kJ/mol)
           Bond          Angle    Proper Dih. Per. Imp. Dih.          LJ-14
    1.53396e+03    3.73522e+03    5.22469e+03    2.49344e+02    1.82910e+03
     Coulomb-14        LJ (SR)  Disper. corr.   Coulomb (SR)   Coul. recip.
    2.23618e+04    4.17944e+04   -2.27330e+03   -4.02136e+05    1.25844e+03
 Position Rest.      Potential    Kinetic En.   Total Energy  Conserved En.
    5.05288e+02   -3.25917e+05    6.10516e+04   -2.64865e+05   -3.18719e+05
    Temperature Pres. DC (bar) Pressure (bar)   Constr. rmsd
    2.98811e+02   -1.53528e+02    2.42513e-02    2.99152e-06

           Step           Time
         145000      290.00000

   Energies (kJ/mol)
           Bond          Angle    Proper Dih. Per. Imp. Dih.          LJ-14
    1.59711e+03    3.93249e+03    5.23238e+03    2.80837e+02    1.78681e+03
     Coulomb-14        LJ (SR)  Disper. corr.   Coulomb (SR)   Coul. recip.
    2.21068e+04    4.12187e+04   -2.27330e+03   -4.01811e+05    1.31809e+03
 Position Rest.      Potential    Kinetic En.   Total Energy  Conserved En.
    5.30994e+02   -3.26080e+05    6.12239e+04   -2.64856e+05   -3.18721e+05
    Temperature Pres. DC (bar) Pressure (bar)   Constr. rmsd
    2.99654e+02   -1.53528e+02   -2.08638e+02    2.99152e-06

           Step           Time
         146000      292.00000

   Energies (kJ/mol)
           Bond          Angle    Proper Dih. Per. Imp. Dih.          LJ-14
    1.49184e+03    3.70118e+03    5.26986e+03    2.60688e+02    1.84784e+03
     Coulomb-14        LJ (SR)  Disper. corr.   Coulomb (SR)   Coul. recip.
    2.22536e+04    4.08714e+04   -2.27330e+03   -4.01012e+05    1.31973e+03
 Position Rest.      Potential    Kinetic En.   Total Energy  Conserved En.
    5.21198e+02   -3.25748e+05    6.12930e+04   -2.64455e+05   -3.18744e+05
    Temperature Pres. DC (bar) Pressure (bar)   Constr. rmsd
    2.99992e+02   -1.53528e+02   -2.86425e+02    2.99152e-06

           Step           Time
         147000      294.00000

   Energies (kJ/mol)
           Bond          Angle    Proper Dih. Per. Imp. Dih.          LJ-14
    1.43704e+03    3.78795e+03    5.15029e+03    2.32583e+02    1.78926e+03
     Coulomb-14        LJ (SR)  Disper. corr.   Coulomb (SR)   Coul. recip.
    2.22816e+04    4.09150e+04   -2.27330e+03   -4.01636e+05    1.29988e+03
 Position Rest.      Potential    Kinetic En.   Total Energy  Conserved En.
    5.28959e+02   -3.26487e+05    6.08475e+04   -2.65639e+05   -3.18749e+05
    Temperature Pres. DC (bar) Pressure (bar)   Constr. rmsd
    2.97812e+02   -1.53528e+02   -6.93426e+02    2.99152e-06

           Step           Time
         148000      296.00000

   Energies (kJ/mol)
           Bond          Angle    Proper Dih. Per. Imp. Dih.          LJ-14
    1.55776e+03    3.71891e+03    5.21490e+03    2.64884e+02    1.81294e+03
     Coulomb-14        LJ (SR)  Disper. corr.   Coulomb (SR)   Coul. recip.
    2.24240e+04    4.12813e+04   -2.27330e+03   -4.01742e+05    1.36731e+03
 Position Rest.      Potential    Kinetic En.   Total Energy  Conserved En.
    5.75500e+02   -3.25798e+05    6.19274e+04   -2.63871e+05   -3.18755e+05
    Temperature Pres. DC (bar) Pressure (bar)   Constr. rmsd
    3.03097e+02   -1.53528e+02   -6.94248e+02    2.99152e-06

           Step           Time
         149000      298.00000

   Energies (kJ/mol)
           Bond          Angle    Proper Dih. Per. Imp. Dih.          LJ-14
    1.64730e+03    3.75768e+03    5.24349e+03    2.88402e+02    1.83632e+03
     Coulomb-14        LJ (SR)  Disper. corr.   Coulomb (SR)   Coul. recip.
    2.24329e+04    4.14895e+04   -2.27330e+03   -4.02129e+05    1.36935e+03
 Position Rest.      Potential    Kinetic En.   Total Energy  Conserved En.
    5.04391e+02   -3.25833e+05    6.08006e+04   -2.65032e+05   -3.18728e+05
    Temperature Pres. DC (bar) Pressure (bar)   Constr. rmsd
    2.97582e+02   -1.53528e+02   -1.69677e+02    2.99152e-06

           Step           Time
         150000      300.00000

   Energies (kJ/mol)
           Bond          Angle    Proper Dih. Per. Imp. Dih.          LJ-14
    1.49284e+03    3.71730e+03    5.27121e+03    2.64425e+02    1.89303e+03
     Coulomb-14        LJ (SR)  Disper. corr.   Coulomb (SR)   Coul. recip.
    2.24582e+04    4.28381e+04   -2.27330e+03   -4.03895e+05    1.29130e+03
 Position Rest.      Potential    Kinetic En.   Total Energy  Conserved En.
    5.31917e+02   -3.26410e+05    6.13184e+04   -2.65092e+05   -3.18751e+05
    Temperature Pres. DC (bar) Pressure (bar)   Constr. rmsd
    3.00116e+02   -1.53528e+02    5.16589e+02    2.99152e-06

           Step           Time
         151000      302.00000

   Energies (kJ/mol)
           Bond          Angle    Proper Dih. Per. Imp. Dih.          LJ-14
    1.45150e+03    3.74223e+03    5.28994e+03    2.73639e+02    1.85284e+03
     Coulomb-14        LJ (SR)  Disper. corr.   Coulomb (SR)   Coul. recip.
    2.23835e+04    4.23057e+04   -2.27330e+03   -4.03578e+05    1.36712e+03
 Position Rest.      Potential    Kinetic En.   Total Energy  Conserved En.
    4.82945e+02   -3.26702e+05    6.16054e+04   -2.65096e+05   -3.18754e+05
    Temperature Pres. DC (bar) Pressure (bar)   Constr. rmsd
    3.01521e+02   -1.53528e+02   -9.04799e+02    2.99152e-06

           Step           Time
         152000      304.00000

   Energies (kJ/mol)
           Bond          Angle    Proper Dih. Per. Imp. Dih.          LJ-14
    1.52923e+03    3.94539e+03    5.25571e+03    2.84051e+02    1.88065e+03
     Coulomb-14        LJ (SR)  Disper. corr.   Coulomb (SR)   Coul. recip.
    2.25448e+04    4.13892e+04   -2.27330e+03   -4.01918e+05    1.26592e+03
 Position Rest.      Potential    Kinetic En.   Total Energy  Conserved En.
    5.08450e+02   -3.25588e+05    6.19162e+04   -2.63671e+05   -3.18767e+05
    Temperature Pres. DC (bar) Pressure (bar)   Constr. rmsd
    3.03042e+02   -1.53528e+02   -3.18156e+02    2.99152e-06

           Step           Time
         153000      306.00000

   Energies (kJ/mol)
           Bond          Angle    Proper Dih. Per. Imp. Dih.          LJ-14
    1.49546e+03    3.54553e+03    5.28394e+03    2.50032e+02    1.82305e+03
     Coulomb-14        LJ (SR)  Disper. corr.   Coulomb (SR)   Coul. recip.
    2.23523e+04    4.14560e+04   -2.27330e+03   -4.02246e+05    1.33069e+03
 Position Rest.      Potential    Kinetic En.   Total Energy  Conserved En.
    5.12929e+02   -3.26469e+05    6.15217e+04   -2.64947e+05   -3.18783e+05
    Temperature Pres. DC (bar) Pressure (bar)   Constr. rmsd
    3.01111e+02   -1.53528e+02   -4.19839e+02    2.99152e-06

           Step           Time
         154000      308.00000

   Energies (kJ/mol)
           Bond          Angle    Proper Dih. Per. Imp. Dih.          LJ-14
    1.49624e+03    3.80461e+03    5.18515e+03    2.55030e+02    1.87200e+03
     Coulomb-14        LJ (SR)  Disper. corr.   Coulomb (SR)   Coul. recip.
    2.24241e+04    4.10517e+04   -2.27330e+03   -4.02309e+05    1.32315e+03
 Position Rest.      Potential    Kinetic En.   Total Energy  Conserved En.
    4.92130e+02   -3.26679e+05    6.12123e+04   -2.65466e+05   -3.18776e+05
    Temperature Pres. DC (bar) Pressure (bar)   Constr. rmsd
    2.99597e+02   -1.53528e+02   -6.58151e+02    2.99152e-06

           Step           Time
         155000      310.00000

   Energies (kJ/mol)
           Bond          Angle    Proper Dih. Per. Imp. Dih.          LJ-14
    1.65288e+03    3.77633e+03    5.23359e+03    2.61758e+02    1.85788e+03
     Coulomb-14        LJ (SR)  Disper. corr.   Coulomb (SR)   Coul. recip.
    2.24584e+04    4.17265e+04   -2.27330e+03   -4.02062e+05    1.31355e+03
 Position Rest.      Potential    Kinetic En.   Total Energy  Conserved En.
    4.58451e+02   -3.25596e+05    6.10749e+04   -2.64521e+05   -3.18748e+05
    Temperature Pres. DC (bar) Pressure (bar)   Constr. rmsd
    2.98925e+02   -1.53528e+02   -3.63959e+02    2.99152e-06

           Step           Time
         156000      312.00000

   Energies (kJ/mol)
           Bond          Angle    Proper Dih. Per. Imp. Dih.          LJ-14
    1.54588e+03    3.74174e+03    5.26887e+03    2.68112e+02    1.83210e+03
     Coulomb-14        LJ (SR)  Disper. corr.   Coulomb (SR)   Coul. recip.
    2.22198e+04    4.18479e+04   -2.27330e+03   -4.02097e+05    1.23876e+03
 Position Rest.      Potential    Kinetic En.   Total Energy  Conserved En.
    4.94415e+02   -3.25913e+05    6.09605e+04   -2.64952e+05   -3.18777e+05
    Temperature Pres. DC (bar) Pressure (bar)   Constr. rmsd
    2.98364e+02   -1.53528e+02   -2.92602e+02    2.99152e-06

           Step           Time
         157000      314.00000

   Energies (kJ/mol)
           Bond          Angle    Proper Dih. Per. Imp. Dih.          LJ-14
    1.56877e+03    3.83718e+03    5.26297e+03    3.07700e+02    1.84429e+03
     Coulomb-14        LJ (SR)  Disper. corr.   Coulomb (SR)   Coul. recip.
    2.23654e+04    4.14302e+04   -2.27330e+03   -4.01790e+05    1.38030e+03
 Position Rest.      Potential    Kinetic En.   Total Energy  Conserved En.
    5.17321e+02   -3.25549e+05    6.11629e+04   -2.64386e+05   -3.18782e+05
    Temperature Pres. DC (bar) Pressure (bar)   Constr. rmsd
    2.99355e+02   -1.53528e+02   -5.75057e+02    2.99152e-06

           Step           Time
         158000      316.00000

   Energies (kJ/mol)
           Bond          Angle    Proper Dih. Per. Imp. Dih.          LJ-14
    1.48581e+03    3.77841e+03    5.24638e+03    2.59561e+02    1.79239e+03
     Coulomb-14        LJ (SR)  Disper. corr.   Coulomb (SR)   Coul. recip.
    2.22101e+04    4.04420e+04   -2.27330e+03   -4.01691e+05    1.32299e+03
 Position Rest.      Potential    Kinetic En.   Total Energy  Conserved En.
    5.03905e+02   -3.26922e+05    6.12099e+04   -2.65712e+05   -3.18798e+05
    Temperature Pres. DC (bar) Pressure (bar)   Constr. rmsd
    2.99585e+02   -1.53528e+02   -9.00587e+02    2.99152e-06

           Step           Time
         159000      318.00000

   Energies (kJ/mol)
           Bond          Angle    Proper Dih. Per. Imp. Dih.          LJ-14
    1.53671e+03    3.72761e+03    5.30793e+03    3.19034e+02    1.92647e+03
     Coulomb-14        LJ (SR)  Disper. corr.   Coulomb (SR)   Coul. recip.
    2.24929e+04    4.19647e+04   -2.27330e+03   -4.02508e+05    1.27043e+03
 Position Rest.      Potential    Kinetic En.   Total Energy  Conserved En.
    4.46460e+02   -3.25789e+05    6.15588e+04   -2.64231e+05   -3.18795e+05
    Temperature Pres. DC (bar) Pressure (bar)   Constr. rmsd
    3.01293e+02   -1.53528e+02    2.19020e+01    2.99152e-06

           Step           Time
         160000      320.00000

   Energies (kJ/mol)
           Bond          Angle    Proper Dih. Per. Imp. Dih.          LJ-14
    1.37770e+03    3.71563e+03    5.23285e+03    2.57385e+02    1.89927e+03
     Coulomb-14        LJ (SR)  Disper. corr.   Coulomb (SR)   Coul. recip.
    2.23556e+04    4.19311e+04   -2.27330e+03   -4.03953e+05    1.20572e+03
 Position Rest.      Potential    Kinetic En.   Total Energy  Conserved En.
    4.86721e+02   -3.27764e+05    6.06080e+04   -2.67156e+05   -3.18798e+05
    Temperature Pres. DC (bar) Pressure (bar)   Constr. rmsd
    2.96639e+02   -1.53528e+02   -5.03903e+02    2.99152e-06

           Step           Time
         161000      322.00000

   Energies (kJ/mol)
           Bond          Angle    Proper Dih. Per. Imp. Dih.          LJ-14
    1.51535e+03    3.64915e+03    5.30676e+03    2.80647e+02    1.87915e+03
     Coulomb-14        LJ (SR)  Disper. corr.   Coulomb (SR)   Coul. recip.
    2.24909e+04    4.21349e+04   -2.27330e+03   -4.03103e+05    1.32913e+03
 Position Rest.      Potential    Kinetic En.   Total Energy  Conserved En.
    4.56195e+02   -3.26334e+05    6.13618e+04   -2.64972e+05   -3.18824e+05
    Temperature Pres. DC (bar) Pressure (bar)   Constr. rmsd
    3.00329e+02   -1.53528e+02   -4.05082e+01    2.99152e-06

           Step           Time
         162000      324.00000

   Energies (kJ/mol)
           Bond          Angle    Proper Dih. Per. Imp. Dih.          LJ-14
    1.46671e+03    3.62323e+03    5.25638e+03    2.28582e+02    1.85298e+03
     Coulomb-14        LJ (SR)  Disper. corr.   Coulomb (SR)   Coul. recip.
    2.23756e+04    4.18116e+04   -2.27330e+03   -4.02929e+05    1.32254e+03
 Position Rest.      Potential    Kinetic En.   Total Energy  Conserved En.
    5.10826e+02   -3.26754e+05    6.10239e+04   -2.65730e+05   -3.18810e+05
    Temperature Pres. DC (bar) Pressure (bar)   Constr. rmsd
    2.98675e+02   -1.53528e+02   -7.25227e+02    2.99152e-06

           Step           Time
         163000      326.00000

   Energies (kJ/mol)
           Bond          Angle    Proper Dih. Per. Imp. Dih.          LJ-14
    1.39475e+03    3.80840e+03    5.31441e+03    3.18233e+02    1.82641e+03
     Coulomb-14        LJ (SR)  Disper. corr.   Coulomb (SR)   Coul. recip.
    2.22782e+04    4.23365e+04   -2.27330e+03   -4.03086e+05    1.29803e+03
 Position Rest.      Potential    Kinetic En.   Total Energy  Conserved En.
    4.84737e+02   -3.26299e+05    6.10214e+04   -2.65278e+05   -3.18807e+05
    Temperature Pres. DC (bar) Pressure (bar)   Constr. rmsd
    2.98663e+02   -1.53528e+02    2.20695e+02    2.99152e-06

           Step           Time
         164000      328.00000

   Energies (kJ/mol)
           Bond          Angle    Proper Dih. Per. Imp. Dih.          LJ-14
    1.50786e+03    3.91454e+03    5.21199e+03    2.13428e+02    1.81171e+03
     Coulomb-14        LJ (SR)  Disper. corr.   Coulomb (SR)   Coul. recip.
    2.22745e+04    4.12741e+04   -2.27330e+03   -4.01515e+05    1.30698e+03
 Position Rest.      Potential    Kinetic En.   Total Energy  Conserved En.
    4.99570e+02   -3.25774e+05    6.09441e+04   -2.64830e+05   -3.18827e+05
    Temperature Pres. DC (bar) Pressure (bar)   Constr. rmsd
    2.98284e+02   -1.53528e+02   -2.85425e+02    2.99152e-06

           Step           Time
         165000      330.00000

   Energies (kJ/mol)
           Bond          Angle    Proper Dih. Per. Imp. Dih.          LJ-14
    1.53741e+03    3.69311e+03    5.19451e+03    2.94614e+02    1.89666e+03
     Coulomb-14        LJ (SR)  Disper. corr.   Coulomb (SR)   Coul. recip.
    2.24033e+04    4.11885e+04   -2.27330e+03   -4.02313e+05    1.32294e+03
 Position Rest.      Potential    Kinetic En.   Total Energy  Conserved En.
    4.77756e+02   -3.26577e+05    6.09508e+04   -2.65626e+05   -3.18827e+05
    Temperature Pres. DC (bar) Pressure (bar)   Constr. rmsd
    2.98317e+02   -1.53528e+02    3.23372e+01    2.99152e-06

           Step           Time
         166000      332.00000

   Energies (kJ/mol)
           Bond          Angle    Proper Dih. Per. Imp. Dih.          LJ-14
    1.40600e+03    3.62730e+03    5.25710e+03    2.78594e+02    1.86202e+03
     Coulomb-14        LJ (SR)  Disper. corr.   Coulomb (SR)   Coul. recip.
    2.22641e+04    4.16449e+04   -2.27330e+03   -4.03225e+05    1.29636e+03
 Position Rest.      Potential    Kinetic En.   Total Energy  Conserved En.
    4.99717e+02   -3.27362e+05    6.07883e+04   -2.66574e+05   -3.18817e+05
    Temperature Pres. DC (bar) Pressure (bar)   Constr. rmsd
    2.97522e+02   -1.53528e+02   -2.19269e+02    2.99152e-06

           Step           Time
         167000      334.00000

   Energies (kJ/mol)
           Bond          Angle    Proper Dih. Per. Imp. Dih.          LJ-14
    1.40191e+03    3.74426e+03    5.21301e+03    2.47861e+02    1.86962e+03
     Coulomb-14        LJ (SR)  Disper. corr.   Coulomb (SR)   Coul. recip.
    2.23305e+04    4.19709e+04   -2.27330e+03   -4.02409e+05    1.29794e+03
 Position Rest.      Potential    Kinetic En.   Total Energy  Conserved En.
    5.19961e+02   -3.26086e+05    6.16531e+04   -2.64433e+05   -3.18830e+05
    Temperature Pres. DC (bar) Pressure (bar)   Constr. rmsd
    3.01755e+02   -1.53528e+02   -2.93301e+02    2.99152e-06

           Step           Time
         168000      336.00000

   Energies (kJ/mol)
           Bond          Angle    Proper Dih. Per. Imp. Dih.          LJ-14
    1.59020e+03    3.73196e+03    5.28079e+03    2.71184e+02    1.82238e+03
     Coulomb-14        LJ (SR)  Disper. corr.   Coulomb (SR)   Coul. recip.
    2.23128e+04    4.06577e+04   -2.27330e+03   -4.00633e+05    1.30746e+03
 Position Rest.      Potential    Kinetic En.   Total Energy  Conserved En.
    4.67796e+02   -3.25464e+05    6.19863e+04   -2.63477e+05   -3.18831e+05
    Temperature Pres. DC (bar) Pressure (bar)   Constr. rmsd
    3.03385e+02   -1.53528e+02   -6.69486e+02    2.99152e-06

           Step           Time
         169000      338.00000

   Energies (kJ/mol)
           Bond          Angle    Proper Dih. Per. Imp. Dih.          LJ-14
    1.42080e+03    3.75692e+03    5.30942e+03    2.53762e+02    1.82514e+03
     Coulomb-14        LJ (SR)  Disper. corr.   Coulomb (SR)   Coul. recip.
    2.22810e+04    4.15722e+04   -2.27330e+03   -4.02540e+05    1.28187e+03
 Position Rest.      Potential    Kinetic En.   Total Energy  Conserved En.
    4.96070e+02   -3.26616e+05    6.17484e+04   -2.64868e+05   -3.18834e+05
    Temperature Pres. DC (bar) Pressure (bar)   Constr. rmsd
    3.02221e+02   -1.53528e+02   -5.12684e+02    2.99152e-06

           Step           Time
         170000      340.00000

   Energies (kJ/mol)
           Bond          Angle    Proper Dih. Per. Imp. Dih.          LJ-14
    1.57675e+03    3.82001e+03    5.27192e+03    3.07623e+02    1.83533e+03
     Coulomb-14        LJ (SR)  Disper. corr.   Coulomb (SR)   Coul. recip.
    2.22471e+04    4.07845e+04   -2.27330e+03   -4.01253e+05    1.33449e+03
 Position Rest.      Potential    Kinetic En.   Total Energy  Conserved En.
    4.93004e+02   -3.25856e+05    6.13111e+04   -2.64545e+05   -3.18835e+05
    Temperature Pres. DC (bar) Pressure (bar)   Constr. rmsd
    3.00080e+02   -1.53528e+02   -7.53025e+02    2.99152e-06

           Step           Time
         171000      342.00000

   Energies (kJ/mol)
           Bond          Angle    Proper Dih. Per. Imp. Dih.          LJ-14
    1.49386e+03    3.80995e+03    5.20163e+03    2.86051e+02    1.91155e+03
     Coulomb-14        LJ (SR)  Disper. corr.   Coulomb (SR)   Coul. recip.
    2.23955e+04    4.26228e+04   -2.27330e+03   -4.04241e+05    1.26921e+03
 Position Rest.      Potential    Kinetic En.   Total Energy  Conserved En.
    5.01252e+02   -3.27022e+05    6.13660e+04   -2.65656e+05   -3.18813e+05
    Temperature Pres. DC (bar) Pressure (bar)   Constr. rmsd
    3.00349e+02   -1.53528e+02    1.90837e+02    2.99152e-06

           Step           Time
         172000      344.00000

   Energies (kJ/mol)
           Bond          Angle    Proper Dih. Per. Imp. Dih.          LJ-14
    1.56622e+03    3.77382e+03    5.14157e+03    2.68197e+02    1.91560e+03
     Coulomb-14        LJ (SR)  Disper. corr.   Coulomb (SR)   Coul. recip.
    2.22199e+04    4.20211e+04   -2.27330e+03   -4.02633e+05    1.31934e+03
 Position Rest.      Potential    Kinetic En.   Total Energy  Conserved En.
    5.22109e+02   -3.26159e+05    6.08530e+04   -2.65306e+05   -3.18825e+05
    Temperature Pres. DC (bar) Pressure (bar)   Constr. rmsd
    2.97839e+02   -1.53528e+02    2.71585e+01    2.99152e-06

           Step           Time
         173000      346.00000

   Energies (kJ/mol)
           Bond          Angle    Proper Dih. Per. Imp. Dih.          LJ-14
    1.46388e+03    3.91471e+03    5.26770e+03    2.71703e+02    1.84348e+03
     Coulomb-14        LJ (SR)  Disper. corr.   Coulomb (SR)   Coul. recip.
    2.22288e+04    4.13682e+04   -2.27330e+03   -4.02173e+05    1.33398e+03
 Position Rest.      Potential    Kinetic En.   Total Energy  Conserved En.
    5.37445e+02   -3.26216e+05    6.09911e+04   -2.65225e+05   -3.18827e+05
    Temperature Pres. DC (bar) Pressure (bar)   Constr. rmsd
    2.98514e+02   -1.53528e+02   -5.13347e+02    2.99152e-06

           Step           Time
         174000      348.00000

   Energies (kJ/mol)
           Bond          Angle    Proper Dih. Per. Imp. Dih.          LJ-14
    1.42624e+03    3.84868e+03    5.28752e+03    2.32413e+02    1.87312e+03
     Coulomb-14        LJ (SR)  Disper. corr.   Coulomb (SR)   Coul. recip.
    2.23385e+04    4.20417e+04   -2.27330e+03   -4.03426e+05    1.31473e+03
 Position Rest.      Potential    Kinetic En.   Total Energy  Conserved En.
    5.02951e+02   -3.26833e+05    6.06610e+04   -2.66172e+05   -3.18835e+05
    Temperature Pres. DC (bar) Pressure (bar)   Constr. rmsd
    2.96899e+02   -1.53528e+02   -5.00797e+02    2.99152e-06

           Step           Time
         175000      350.00000

   Energies (kJ/mol)
           Bond          Angle    Proper Dih. Per. Imp. Dih.          LJ-14
    1.54893e+03    3.83219e+03    5.22388e+03    2.85214e+02    1.84528e+03
     Coulomb-14        LJ (SR)  Disper. corr.   Coulomb (SR)   Coul. recip.
    2.22649e+04    4.18325e+04   -2.27330e+03   -4.02505e+05    1.31463e+03
 Position Rest.      Potential    Kinetic En.   Total Energy  Conserved En.
    4.77493e+02   -3.26153e+05    6.14722e+04   -2.64681e+05   -3.18841e+05
    Temperature Pres. DC (bar) Pressure (bar)   Constr. rmsd
    3.00869e+02   -1.53528e+02   -4.77064e+02    2.99152e-06

           Step           Time
         176000      352.00000

   Energies (kJ/mol)
           Bond          Angle    Proper Dih. Per. Imp. Dih.          LJ-14
    1.51311e+03    3.89745e+03    5.22619e+03    2.63431e+02    1.96673e+03
     Coulomb-14        LJ (SR)  Disper. corr.   Coulomb (SR)   Coul. recip.
    2.23475e+04    4.05298e+04   -2.27330e+03   -4.00614e+05    1.32800e+03
 Position Rest.      Potential    Kinetic En.   Total Energy  Conserved En.
    4.75742e+02   -3.25339e+05    6.16769e+04   -2.63662e+05   -3.18845e+05
    Temperature Pres. DC (bar) Pressure (bar)   Constr. rmsd
    3.01871e+02   -1.53528e+02   -3.46395e+02    2.99152e-06

           Step           Time
         177000      354.00000

   Energies (kJ/mol)
           Bond          Angle    Proper Dih. Per. Imp. Dih.          LJ-14
    1.49922e+03    3.86264e+03    5.24390e+03    2.40496e+02    1.85426e+03
     Coulomb-14        LJ (SR)  Disper. corr.   Coulomb (SR)   Coul. recip.
    2.23115e+04    4.06706e+04   -2.27330e+03   -4.01225e+05    1.28247e+03
 Position Rest.      Potential    Kinetic En.   Total Energy  Conserved En.
    4.91025e+02   -3.26043e+05    6.17371e+04   -2.64306e+05   -3.18853e+05
    Temperature Pres. DC (bar) Pressure (bar)   Constr. rmsd
    3.02165e+02   -1.53528e+02   -9.93918e+01    2.99152e-06

           Step           Time
         178000      356.00000

   Energies (kJ/mol)
           Bond          Angle    Proper Dih. Per. Imp. Dih.          LJ-14
    1.63213e+03    3.79759e+03    5.25042e+03    2.35029e+02    1.87062e+03
     Coulomb-14        LJ (SR)  Disper. corr.   Coulomb (SR)   Coul. recip.
    2.23336e+04    4.16862e+04   -2.27330e+03   -4.02008e+05    1.30366e+03
 Position Rest.      Potential    Kinetic En.   Total Energy  Conserved En.
    5.26185e+02   -3.25646e+05    6.13113e+04   -2.64335e+05   -3.18848e+05
    Temperature Pres. DC (bar) Pressure (bar)   Constr. rmsd
    3.00081e+02   -1.53528e+02   -1.37553e+02    2.99152e-06

           Step           Time
         179000      358.00000

   Energies (kJ/mol)
           Bond          Angle    Proper Dih. Per. Imp. Dih.          LJ-14
    1.51861e+03    3.73855e+03    5.24912e+03    2.73876e+02    1.80463e+03
     Coulomb-14        LJ (SR)  Disper. corr.   Coulomb (SR)   Coul. recip.
    2.22628e+04    4.15974e+04   -2.27330e+03   -4.02798e+05    1.26750e+03
 Position Rest.      Potential    Kinetic En.   Total Energy  Conserved En.
    4.85807e+02   -3.26872e+05    6.05526e+04   -2.66320e+05   -3.18855e+05
    Temperature Pres. DC (bar) Pressure (bar)   Constr. rmsd
    2.96368e+02   -1.53528e+02   -5.20705e+02    2.99152e-06

           Step           Time
         180000      360.00000

   Energies (kJ/mol)
           Bond          Angle    Proper Dih. Per. Imp. Dih.          LJ-14
    1.61664e+03    3.71928e+03    5.13341e+03    2.62654e+02    1.83794e+03
     Coulomb-14        LJ (SR)  Disper. corr.   Coulomb (SR)   Coul. recip.
    2.22023e+04    4.21494e+04   -2.27330e+03   -4.02223e+05    1.26169e+03
 Position Rest.      Potential    Kinetic En.   Total Energy  Conserved En.
    4.90593e+02   -3.25822e+05    6.20323e+04   -2.63790e+05   -3.18876e+05
    Temperature Pres. DC (bar) Pressure (bar)   Constr. rmsd
    3.03611e+02   -1.53528e+02   -2.27573e+02    2.99152e-06

           Step           Time
         181000      362.00000

   Energies (kJ/mol)
           Bond          Angle    Proper Dih. Per. Imp. Dih.          LJ-14
    1.56408e+03    3.78621e+03    5.23673e+03    2.78075e+02    1.89371e+03
     Coulomb-14        LJ (SR)  Disper. corr.   Coulomb (SR)   Coul. recip.
    2.21963e+04    4.15251e+04   -2.27330e+03   -4.02647e+05    1.29883e+03
 Position Rest.      Potential    Kinetic En.   Total Energy  Conserved En.
    4.57904e+02   -3.26683e+05    6.13833e+04   -2.65300e+05   -3.18855e+05
    Temperature Pres. DC (bar) Pressure (bar)   Constr. rmsd
    3.00434e+02   -1.53528e+02    2.29796e+02    2.99152e-06

           Step           Time
         182000      364.00000

   Energies (kJ/mol)
           Bond          Angle    Proper Dih. Per. Imp. Dih.          LJ-14
    1.46032e+03    3.78084e+03    5.25374e+03    2.53274e+02    1.85774e+03
     Coulomb-14        LJ (SR)  Disper. corr.   Coulomb (SR)   Coul. recip.
    2.23293e+04    4.05709e+04   -2.27330e+03   -4.01687e+05    1.34660e+03
 Position Rest.      Potential    Kinetic En.   Total Energy  Conserved En.
    4.86716e+02   -3.26621e+05    6.13604e+04   -2.65260e+05   -3.18869e+05
    Temperature Pres. DC (bar) Pressure (bar)   Constr. rmsd
    3.00322e+02   -1.53528e+02   -6.30381e+02    2.99152e-06

           Step           Time
         183000      366.00000

   Energies (kJ/mol)
           Bond          Angle    Proper Dih. Per. Imp. Dih.          LJ-14
    1.49783e+03    3.67147e+03    5.30054e+03    2.68882e+02    1.86076e+03
     Coulomb-14        LJ (SR)  Disper. corr.   Coulomb (SR)   Coul. recip.
    2.23104e+04    4.12409e+04   -2.27330e+03   -4.01474e+05    1.36388e+03
 Position Rest.      Potential    Kinetic En.   Total Energy  Conserved En.
    5.20860e+02   -3.25712e+05    6.06541e+04   -2.65058e+05   -3.18867e+05
    Temperature Pres. DC (bar) Pressure (bar)   Constr. rmsd
    2.96865e+02   -1.53528e+02   -6.96837e+02    2.99152e-06

           Step           Time
         184000      368.00000

   Energies (kJ/mol)
           Bond          Angle    Proper Dih. Per. Imp. Dih.          LJ-14
    1.48786e+03    3.80493e+03    5.23910e+03    2.80343e+02    1.83850e+03
     Coulomb-14        LJ (SR)  Disper. corr.   Coulomb (SR)   Coul. recip.
    2.23353e+04    4.16230e+04   -2.27330e+03   -4.02789e+05    1.37279e+03
 Position Rest.      Potential    Kinetic En.   Total Energy  Conserved En.
    4.51134e+02   -3.26630e+05    6.06201e+04   -2.66010e+05   -3.18863e+05
    Temperature Pres. DC (bar) Pressure (bar)   Constr. rmsd
    2.96699e+02   -1.53528e+02   -2.30799e+02    2.99152e-06

           Step           Time
         185000      370.00000

   Energies (kJ/mol)
           Bond          Angle    Proper Dih. Per. Imp. Dih.          LJ-14
    1.48426e+03    3.75521e+03    5.22205e+03    2.49464e+02    1.87010e+03
     Coulomb-14        LJ (SR)  Disper. corr.   Coulomb (SR)   Coul. recip.
    2.23645e+04    4.13725e+04   -2.27330e+03   -4.02555e+05    1.27387e+03
 Position Rest.      Potential    Kinetic En.   Total Energy  Conserved En.
    5.40903e+02   -3.26695e+05    6.12544e+04   -2.65441e+05   -3.18880e+05
    Temperature Pres. DC (bar) Pressure (bar)   Constr. rmsd
    2.99803e+02   -1.53528e+02   -4.46804e+02    2.99152e-06

           Step           Time
         186000      372.00000

   Energies (kJ/mol)
           Bond          Angle    Proper Dih. Per. Imp. Dih.          LJ-14
    1.58331e+03    3.70220e+03    5.16599e+03    3.11019e+02    1.87687e+03
     Coulomb-14        LJ (SR)  Disper. corr.   Coulomb (SR)   Coul. recip.
    2.22210e+04    4.18538e+04   -2.27330e+03   -4.03197e+05    1.32537e+03
 Position Rest.      Potential    Kinetic En.   Total Energy  Conserved En.
    4.70456e+02   -3.26961e+05    6.18541e+04   -2.65107e+05   -3.18888e+05
    Temperature Pres. DC (bar) Pressure (bar)   Constr. rmsd
    3.02738e+02   -1.53528e+02   -1.69721e+02    2.99152e-06

           Step           Time
         187000      374.00000

   Energies (kJ/mol)
           Bond          Angle    Proper Dih. Per. Imp. Dih.          LJ-14
    1.50768e+03    3.93170e+03    5.19431e+03    2.54232e+02    1.82561e+03
     Coulomb-14        LJ (SR)  Disper. corr.   Coulomb (SR)   Coul. recip.
    2.23727e+04    4.13118e+04   -2.27330e+03   -4.01261e+05    1.31114e+03
 Position Rest.      Potential    Kinetic En.   Total Energy  Conserved En.
    4.83074e+02   -3.25342e+05    6.17761e+04   -2.63566e+05   -3.18901e+05
    Temperature Pres. DC (bar) Pressure (bar)   Constr. rmsd
    3.02356e+02   -1.53528e+02   -3.68787e+02    2.99152e-06

           Step           Time
         188000      376.00000

   Energies (kJ/mol)
           Bond          Angle    Proper Dih. Per. Imp. Dih.          LJ-14
    1.46835e+03    3.88663e+03    5.28461e+03    2.75292e+02    1.82304e+03
     Coulomb-14        LJ (SR)  Disper. corr.   Coulomb (SR)   Coul. recip.
    2.23173e+04    4.23754e+04   -2.27330e+03   -4.03002e+05    1.31338e+03
 Position Rest.      Potential    Kinetic En.   Total Energy  Conserved En.
    5.06150e+02   -3.26025e+05    6.14740e+04   -2.64551e+05   -3.18894e+05
    Temperature Pres. DC (bar) Pressure (bar)   Constr. rmsd
    3.00878e+02   -1.53528e+02   -1.19352e+02    2.99152e-06

           Step           Time
         189000      378.00000

   Energies (kJ/mol)
           Bond          Angle    Proper Dih. Per. Imp. Dih.          LJ-14
    1.43643e+03    3.77824e+03    5.24949e+03    2.55696e+02    1.87113e+03
     Coulomb-14        LJ (SR)  Disper. corr.   Coulomb (SR)   Coul. recip.
    2.23636e+04    4.26679e+04   -2.27330e+03   -4.03846e+05    1.33833e+03
 Position Rest.      Potential    Kinetic En.   Total Energy  Conserved En.
    4.70902e+02   -3.26687e+05    6.10279e+04   -2.65659e+05   -3.18876e+05
    Temperature Pres. DC (bar) Pressure (bar)   Constr. rmsd
    2.98694e+02   -1.53528e+02   -1.58314e+02    2.99152e-06

           Step           Time
         190000      380.00000

   Energies (kJ/mol)
           Bond          Angle    Proper Dih. Per. Imp. Dih.          LJ-14
    1.54054e+03    3.76492e+03    5.21467e+03    2.47041e+02    1.87220e+03
     Coulomb-14        LJ (SR)  Disper. corr.   Coulomb (SR)   Coul. recip.
    2.24769e+04    4.10471e+04   -2.27330e+03   -4.02123e+05    1.27114e+03
 Position Rest.      Potential    Kinetic En.   Total Energy  Conserved En.
    4.81700e+02   -3.26480e+05    6.15339e+04   -2.64946e+05   -3.18887e+05
    Temperature Pres. DC (bar) Pressure (bar)   Constr. rmsd
    3.01171e+02   -1.53528e+02   -4.78992e+02    2.99152e-06

           Step           Time
         191000      382.00000

   Energies (kJ/mol)
           Bond          Angle    Proper Dih. Per. Imp. Dih.          LJ-14
    1.55027e+03    3.80875e+03    5.15563e+03    2.82952e+02    1.85400e+03
     Coulomb-14        LJ (SR)  Disper. corr.   Coulomb (SR)   Coul. recip.
    2.23773e+04    4.28017e+04   -2.27330e+03   -4.04054e+05    1.31504e+03
 Position Rest.      Potential    Kinetic En.   Total Energy  Conserved En.
    5.14474e+02   -3.26667e+05    6.12958e+04   -2.65371e+05   -3.18898e+05
    Temperature Pres. DC (bar) Pressure (bar)   Constr. rmsd
    3.00006e+02   -1.53528e+02   -7.85757e+01    2.99152e-06

           Step           Time
         192000      384.00000

   Energies (kJ/mol)
           Bond          Angle    Proper Dih. Per. Imp. Dih.          LJ-14
    1.48458e+03    3.83730e+03    5.18402e+03    2.79983e+02    1.85017e+03
     Coulomb-14        LJ (SR)  Disper. corr.   Coulomb (SR)   Coul. recip.
    2.24747e+04    4.24030e+04   -2.27330e+03   -4.03962e+05    1.30701e+03
 Position Rest.      Potential    Kinetic En.   Total Energy  Conserved En.
    5.12586e+02   -3.26902e+05    6.15601e+04   -2.65342e+05   -3.18887e+05
    Temperature Pres. DC (bar) Pressure (bar)   Constr. rmsd
    3.01299e+02   -1.53528e+02   -4.01017e+02    2.99152e-06

           Step           Time
         193000      386.00000

   Energies (kJ/mol)
           Bond          Angle    Proper Dih. Per. Imp. Dih.          LJ-14
    1.54644e+03    3.64270e+03    5.26900e+03    2.83071e+02    1.88005e+03
     Coulomb-14        LJ (SR)  Disper. corr.   Coulomb (SR)   Coul. recip.
    2.23492e+04    4.09658e+04   -2.27330e+03   -4.01505e+05    1.33866e+03
 Position Rest.      Potential    Kinetic En.   Total Energy  Conserved En.
    5.06013e+02   -3.25997e+05    6.19444e+04   -2.64053e+05   -3.18899e+05
    Temperature Pres. DC (bar) Pressure (bar)   Constr. rmsd
    3.03180e+02   -1.53528e+02   -3.82718e+02    2.99152e-06

           Step           Time
         194000      388.00000

   Energies (kJ/mol)
           Bond          Angle    Proper Dih. Per. Imp. Dih.          LJ-14
    1.57071e+03    3.99347e+03    5.29517e+03    2.66815e+02    1.81082e+03
     Coulomb-14        LJ (SR)  Disper. corr.   Coulomb (SR)   Coul. recip.
    2.22336e+04    4.17957e+04   -2.27330e+03   -4.02107e+05    1.34993e+03
 Position Rest.      Potential    Kinetic En.   Total Energy  Conserved En.
    4.64554e+02   -3.25599e+05    6.10205e+04   -2.64579e+05   -3.18896e+05
    Temperature Pres. DC (bar) Pressure (bar)   Constr. rmsd
    2.98659e+02   -1.53528e+02   -7.28167e+02    2.99152e-06

           Step           Time
         195000      390.00000

   Energies (kJ/mol)
           Bond          Angle    Proper Dih. Per. Imp. Dih.          LJ-14
    1.48655e+03    3.76063e+03    5.24536e+03    2.60433e+02    1.86622e+03
     Coulomb-14        LJ (SR)  Disper. corr.   Coulomb (SR)   Coul. recip.
    2.24701e+04    4.12393e+04   -2.27330e+03   -4.01541e+05    1.30734e+03
 Position Rest.      Potential    Kinetic En.   Total Energy  Conserved En.
    5.17996e+02   -3.25660e+05    6.11906e+04   -2.64470e+05   -3.18914e+05
    Temperature Pres. DC (bar) Pressure (bar)   Constr. rmsd
    2.99491e+02   -1.53528e+02   -6.51898e+02    2.99152e-06

           Step           Time
         196000      392.00000

   Energies (kJ/mol)
           Bond          Angle    Proper Dih. Per. Imp. Dih.          LJ-14
    1.48681e+03    3.86251e+03    5.30175e+03    2.55052e+02    1.83784e+03
     Coulomb-14        LJ (SR)  Disper. corr.   Coulomb (SR)   Coul. recip.
    2.22004e+04    4.19415e+04   -2.27330e+03   -4.03051e+05    1.34952e+03
 Position Rest.      Potential    Kinetic En.   Total Energy  Conserved En.
    4.83868e+02   -3.26605e+05    6.12780e+04   -2.65327e+05   -3.18912e+05
    Temperature Pres. DC (bar) Pressure (bar)   Constr. rmsd
    2.99919e+02   -1.53528e+02   -1.65934e+01    2.99152e-06

           Step           Time
         197000      394.00000

   Energies (kJ/mol)
           Bond          Angle    Proper Dih. Per. Imp. Dih.          LJ-14
    1.52495e+03    3.90726e+03    5.14731e+03    2.56828e+02    1.86075e+03
     Coulomb-14        LJ (SR)  Disper. corr.   Coulomb (SR)   Coul. recip.
    2.22618e+04    4.13888e+04   -2.27330e+03   -4.01627e+05    1.28560e+03
 Position Rest.      Potential    Kinetic En.   Total Energy  Conserved En.
    4.57675e+02   -3.25809e+05    6.16171e+04   -2.64192e+05   -3.18921e+05
    Temperature Pres. DC (bar) Pressure (bar)   Constr. rmsd
    3.01578e+02   -1.53528e+02   -8.32460e+02    2.99152e-06

           Step           Time
         198000      396.00000

   Energies (kJ/mol)
           Bond          Angle    Proper Dih. Per. Imp. Dih.          LJ-14
    1.58636e+03    3.75938e+03    5.28883e+03    2.83599e+02    1.80187e+03
     Coulomb-14        LJ (SR)  Disper. corr.   Coulomb (SR)   Coul. recip.
    2.23341e+04    4.12292e+04   -2.27330e+03   -4.01766e+05    1.28389e+03
 Position Rest.      Potential    Kinetic En.   Total Energy  Conserved En.
    4.87811e+02   -3.25984e+05    6.14406e+04   -2.64543e+05   -3.18930e+05
    Temperature Pres. DC (bar) Pressure (bar)   Constr. rmsd
    3.00714e+02   -1.53528e+02   -9.49895e+02    2.99152e-06

           Step           Time
         199000      398.00000

   Energies (kJ/mol)
           Bond          Angle    Proper Dih. Per. Imp. Dih.          LJ-14
    1.48640e+03    3.74408e+03    5.27680e+03    2.67470e+02    1.86331e+03
     Coulomb-14        LJ (SR)  Disper. corr.   Coulomb (SR)   Coul. recip.
    2.23853e+04    4.16206e+04   -2.27330e+03   -4.02254e+05    1.29072e+03
 Position Rest.      Potential    Kinetic En.   Total Energy  Conserved En.
    5.24097e+02   -3.26068e+05    6.13303e+04   -2.64738e+05   -3.18956e+05
    Temperature Pres. DC (bar) Pressure (bar)   Constr. rmsd
    3.00175e+02   -1.53528e+02   -3.53413e+02    2.99152e-06

           Step           Time
         200000      400.00000

   Energies (kJ/mol)
           Bond          Angle    Proper Dih. Per. Imp. Dih.          LJ-14
    1.47389e+03    3.63671e+03    5.24590e+03    2.34534e+02    1.82552e+03
     Coulomb-14        LJ (SR)  Disper. corr.   Coulomb (SR)   Coul. recip.
    2.22271e+04    4.17866e+04   -2.27330e+03   -4.03441e+05    1.32988e+03
 Position Rest.      Potential    Kinetic En.   Total Energy  Conserved En.
    5.41355e+02   -3.27413e+05    6.10887e+04   -2.66324e+05   -3.18964e+05
    Temperature Pres. DC (bar) Pressure (bar)   Constr. rmsd
    2.98992e+02   -1.53528e+02   -2.90025e+02    2.99152e-06

           Step           Time
         201000      402.00000

   Energies (kJ/mol)
           Bond          Angle    Proper Dih. Per. Imp. Dih.          LJ-14
    1.44868e+03    3.75074e+03    5.20283e+03    2.46392e+02    1.89997e+03
     Coulomb-14        LJ (SR)  Disper. corr.   Coulomb (SR)   Coul. recip.
    2.22858e+04    4.22994e+04   -2.27330e+03   -4.03225e+05    1.28541e+03
 Position Rest.      Potential    Kinetic En.   Total Energy  Conserved En.
    5.02514e+02   -3.26576e+05    6.12135e+04   -2.65363e+05   -3.18961e+05
    Temperature Pres. DC (bar) Pressure (bar)   Constr. rmsd
    2.99603e+02   -1.53528e+02   -1.38255e+01    2.99152e-06

           Step           Time
         202000      404.00000

   Energies (kJ/mol)
           Bond          Angle    Proper Dih. Per. Imp. Dih.          LJ-14
    1.47144e+03    3.68087e+03    5.32563e+03    2.83585e+02    1.86729e+03
     Coulomb-14        LJ (SR)  Disper. corr.   Coulomb (SR)   Coul. recip.
    2.24579e+04    4.12121e+04   -2.27330e+03   -4.01219e+05    1.37019e+03
 Position Rest.      Potential    Kinetic En.   Total Energy  Conserved En.
    4.63910e+02   -3.25359e+05    6.18337e+04   -2.63526e+05   -3.18975e+05
    Temperature Pres. DC (bar) Pressure (bar)   Constr. rmsd
    3.02638e+02   -1.53528e+02   -3.48005e+02    2.99152e-06

           Step           Time
         203000      406.00000

   Energies (kJ/mol)
           Bond          Angle    Proper Dih. Per. Imp. Dih.          LJ-14
    1.49985e+03    3.77190e+03    5.25547e+03    2.34073e+02    1.87412e+03
     Coulomb-14        LJ (SR)  Disper. corr.   Coulomb (SR)   Coul. recip.
    2.23835e+04    4.18945e+04   -2.27330e+03   -4.02857e+05    1.26418e+03
 Position Rest.      Potential    Kinetic En.   Total Energy  Conserved En.
    5.14705e+02   -3.26438e+05    6.08594e+04   -2.65578e+05   -3.18966e+05
    Temperature Pres. DC (bar) Pressure (bar)   Constr. rmsd
    2.97870e+02   -1.53528e+02   -2.52553e+02    2.99152e-06

           Step           Time
         204000      408.00000

   Energies (kJ/mol)
           Bond          Angle    Proper Dih. Per. Imp. Dih.          LJ-14
    1.47795e+03    3.60606e+03    5.23524e+03    2.55783e+02    1.84577e+03
     Coulomb-14        LJ (SR)  Disper. corr.   Coulomb (SR)   Coul. recip.
    2.23387e+04    4.15338e+04   -2.27330e+03   -4.02416e+05    1.33842e+03
 Position Rest.      Potential    Kinetic En.   Total Energy  Conserved En.
    4.91637e+02   -3.26566e+05    6.06173e+04   -2.65948e+05   -3.18983e+05
    Temperature Pres. DC (bar) Pressure (bar)   Constr. rmsd
    2.96685e+02   -1.53528e+02   -2.69621e+02    2.99152e-06

           Step           Time
         205000      410.00000

   Energies (kJ/mol)
           Bond          Angle    Proper Dih. Per. Imp. Dih.          LJ-14
    1.48894e+03    3.77012e+03    5.25650e+03    2.45605e+02    1.91356e+03
     Coulomb-14        LJ (SR)  Disper. corr.   Coulomb (SR)   Coul. recip.
    2.23418e+04    4.17296e+04   -2.27330e+03   -4.03212e+05    1.29768e+03
 Position Rest.      Potential    Kinetic En.   Total Energy  Conserved En.
    5.00249e+02   -3.26941e+05    6.16692e+04   -2.65272e+05   -3.18977e+05
    Temperature Pres. DC (bar) Pressure (bar)   Constr. rmsd
    3.01833e+02   -1.53528e+02    8.62808e+01    2.99152e-06

           Step           Time
         206000      412.00000

   Energies (kJ/mol)
           Bond          Angle    Proper Dih. Per. Imp. Dih.          LJ-14
    1.48813e+03    3.88199e+03    5.18811e+03    2.50769e+02    1.83964e+03
     Coulomb-14        LJ (SR)  Disper. corr.   Coulomb (SR)   Coul. recip.
    2.22702e+04    4.12604e+04   -2.27330e+03   -4.01883e+05    1.33473e+03
 Position Rest.      Potential    Kinetic En.   Total Energy  Conserved En.
    4.60260e+02   -3.26182e+05    6.10152e+04   -2.65166e+05   -3.18972e+05
    Temperature Pres. DC (bar) Pressure (bar)   Constr. rmsd
    2.98632e+02   -1.53528e+02   -7.77035e+02    2.99152e-06

           Step           Time
         207000      414.00000

   Energies (kJ/mol)
           Bond          Angle    Proper Dih. Per. Imp. Dih.          LJ-14
    1.47293e+03    3.85766e+03    5.28603e+03    2.88655e+02    1.87092e+03
     Coulomb-14        LJ (SR)  Disper. corr.   Coulomb (SR)   Coul. recip.
    2.24566e+04    4.15505e+04   -2.27330e+03   -4.02315e+05    1.30317e+03
 Position Rest.      Potential    Kinetic En.   Total Energy  Conserved En.
    4.93922e+02   -3.26008e+05    6.18364e+04   -2.64171e+05   -3.18971e+05
    Temperature Pres. DC (bar) Pressure (bar)   Constr. rmsd
    3.02652e+02   -1.53528e+02   -1.77323e+01    2.99152e-06

           Step           Time
         208000      416.00000

   Energies (kJ/mol)
           Bond          Angle    Proper Dih. Per. Imp. Dih.          LJ-14
    1.57293e+03    3.87581e+03    5.28345e+03    2.28660e+02    1.83568e+03
     Coulomb-14        LJ (SR)  Disper. corr.   Coulomb (SR)   Coul. recip.
    2.23034e+04    4.27700e+04   -2.27330e+03   -4.03419e+05    1.30157e+03
 Position Rest.      Potential    Kinetic En.   Total Energy  Conserved En.
    5.27638e+02   -3.25993e+05    6.15054e+04   -2.64488e+05   -3.18965e+05
    Temperature Pres. DC (bar) Pressure (bar)   Constr. rmsd
    3.01032e+02   -1.53528e+02   -8.12480e+02    2.99152e-06

           Step           Time
         209000      418.00000

   Energies (kJ/mol)
           Bond          Angle    Proper Dih. Per. Imp. Dih.          LJ-14
    1.41905e+03    3.71337e+03    5.22136e+03    2.30505e+02    1.86586e+03
     Coulomb-14        LJ (SR)  Disper. corr.   Coulomb (SR)   Coul. recip.
    2.25010e+04    4.20144e+04   -2.27330e+03   -4.02379e+05    1.32595e+03
 Position Rest.      Potential    Kinetic En.   Total Energy  Conserved En.
    5.25536e+02   -3.25836e+05    6.15245e+04   -2.64311e+05   -3.18971e+05
    Temperature Pres. DC (bar) Pressure (bar)   Constr. rmsd
    3.01125e+02   -1.53528e+02    2.66286e+02    2.99152e-06

           Step           Time
         210000      420.00000

   Energies (kJ/mol)
           Bond          Angle    Proper Dih. Per. Imp. Dih.          LJ-14
    1.65203e+03    3.90393e+03    5.21563e+03    2.68528e+02    1.86971e+03
     Coulomb-14        LJ (SR)  Disper. corr.   Coulomb (SR)   Coul. recip.
    2.23049e+04    4.10977e+04   -2.27330e+03   -4.00806e+05    1.35767e+03
 Position Rest.      Potential    Kinetic En.   Total Energy  Conserved En.
    4.65490e+02   -3.24944e+05    6.18122e+04   -2.63131e+05   -3.18980e+05
    Temperature Pres. DC (bar) Pressure (bar)   Constr. rmsd
    3.02533e+02   -1.53528e+02   -6.34287e+01    2.99152e-06

           Step           Time
         211000      422.00000

   Energies (kJ/mol)
           Bond          Angle    Proper Dih. Per. Imp. Dih.          LJ-14
    1.39610e+03    3.74308e+03    5.18602e+03    2.67661e+02    1.87246e+03
     Coulomb-14        LJ (SR)  Disper. corr.   Coulomb (SR)   Coul. recip.
    2.24296e+04    4.11729e+04   -2.27330e+03   -4.00945e+05    1.31416e+03
 Position Rest.      Potential    Kinetic En.   Total Energy  Conserved En.
    4.98262e+02   -3.25338e+05    6.14553e+04   -2.63882e+05   -3.18992e+05
    Temperature Pres. DC (bar) Pressure (bar)   Constr. rmsd
    3.00786e+02   -1.53528e+02   -8.68872e+02    2.99152e-06

           Step           Time
         212000      424.00000

   Energies (kJ/mol)
           Bond          Angle    Proper Dih. Per. Imp. Dih.          LJ-14
    1.58446e+03    3.75861e+03    5.23588e+03    2.56411e+02    1.87083e+03
     Coulomb-14        LJ (SR)  Disper. corr.   Coulomb (SR)   Coul. recip.
    2.24812e+04    4.12890e+04   -2.27330e+03   -4.02263e+05    1.34336e+03
 Position Rest.      Potential    Kinetic En.   Total Energy  Conserved En.
    5.51113e+02   -3.26166e+05    6.18043e+04   -2.64362e+05   -3.18968e+05
    Temperature Pres. DC (bar) Pressure (bar)   Constr. rmsd
    3.02495e+02   -1.53528e+02   -2.19303e+01    2.99152e-06

           Step           Time
         213000      426.00000

   Energies (kJ/mol)
           Bond          Angle    Proper Dih. Per. Imp. Dih.          LJ-14
    1.57144e+03    3.71534e+03    5.25379e+03    2.71612e+02    1.89516e+03
     Coulomb-14        LJ (SR)  Disper. corr.   Coulomb (SR)   Coul. recip.
    2.23990e+04    4.12991e+04   -2.27330e+03   -4.02491e+05    1.30036e+03
 Position Rest.      Potential    Kinetic En.   Total Energy  Conserved En.
    4.53356e+02   -3.26605e+05    6.05472e+04   -2.66058e+05   -3.18976e+05
    Temperature Pres. DC (bar) Pressure (bar)   Constr. rmsd
    2.96342e+02   -1.53528e+02   -4.85875e+02    2.99152e-06

           Step           Time
         214000      428.00000

   Energies (kJ/mol)
           Bond          Angle    Proper Dih. Per. Imp. Dih.          LJ-14
    1.62152e+03    3.69033e+03    5.21635e+03    3.00421e+02    1.82963e+03
     Coulomb-14        LJ (SR)  Disper. corr.   Coulomb (SR)   Coul. recip.
    2.23727e+04    4.13722e+04   -2.27330e+03   -4.01330e+05    1.30223e+03
 Position Rest.      Potential    Kinetic En.   Total Energy  Conserved En.
    4.86413e+02   -3.25411e+05    6.14375e+04   -2.63974e+05   -3.18976e+05
    Temperature Pres. DC (bar) Pressure (bar)   Constr. rmsd
    3.00699e+02   -1.53528e+02   -3.38357e+02    2.99152e-06

           Step           Time
         215000      430.00000

   Energies (kJ/mol)
           Bond          Angle    Proper Dih. Per. Imp. Dih.          LJ-14
    1.40782e+03    3.73432e+03    5.34534e+03    2.82615e+02    1.84755e+03
     Coulomb-14        LJ (SR)  Disper. corr.   Coulomb (SR)   Coul. recip.
    2.24719e+04    4.07545e+04   -2.27330e+03   -4.01582e+05    1.35163e+03
 Position Rest.      Potential    Kinetic En.   Total Energy  Conserved En.
    5.02630e+02   -3.26156e+05    6.18105e+04   -2.64346e+05   -3.19001e+05
    Temperature Pres. DC (bar) Pressure (bar)   Constr. rmsd
    3.02525e+02   -1.53528e+02   -7.71147e+02    2.99152e-06

           Step           Time
         216000      432.00000

   Energies (kJ/mol)
           Bond          Angle    Proper Dih. Per. Imp. Dih.          LJ-14
    1.47112e+03    3.76862e+03    5.22999e+03    2.74747e+02    1.88530e+03
     Coulomb-14        LJ (SR)  Disper. corr.   Coulomb (SR)   Coul. recip.
    2.25360e+04    4.15261e+04   -2.27330e+03   -4.02969e+05    1.29542e+03
 Position Rest.      Potential    Kinetic En.   Total Energy  Conserved En.
    5.26167e+02   -3.26729e+05    6.12076e+04   -2.65521e+05   -3.18982e+05
    Temperature Pres. DC (bar) Pressure (bar)   Constr. rmsd
    2.99574e+02   -1.53528e+02   -2.03045e+02    2.99152e-06

           Step           Time
         217000      434.00000

   Energies (kJ/mol)
           Bond          Angle    Proper Dih. Per. Imp. Dih.          LJ-14
    1.36888e+03    3.71022e+03    5.25876e+03    2.40941e+02    1.87475e+03
     Coulomb-14        LJ (SR)  Disper. corr.   Coulomb (SR)   Coul. recip.
    2.24315e+04    4.13984e+04   -2.27330e+03   -4.02909e+05    1.35490e+03
 Position Rest.      Potential    Kinetic En.   Total Energy  Conserved En.
    4.68143e+02   -3.27076e+05    6.12915e+04   -2.65784e+05   -3.19015e+05
    Temperature Pres. DC (bar) Pressure (bar)   Constr. rmsd
    2.99984e+02   -1.53528e+02   -1.41888e+02    2.99152e-06

           Step           Time
         218000      436.00000

   Energies (kJ/mol)
           Bond          Angle    Proper Dih. Per. Imp. Dih.          LJ-14
    1.75366e+03    3.85552e+03    5.17688e+03    2.77770e+02    1.80531e+03
     Coulomb-14        LJ (SR)  Disper. corr.   Coulomb (SR)   Coul. recip.
    2.21712e+04    4.15186e+04   -2.27330e+03   -4.01797e+05    1.34723e+03
 Position Rest.      Potential    Kinetic En.   Total Energy  Conserved En.
    5.02827e+02   -3.25661e+05    6.16890e+04   -2.63972e+05   -3.18995e+05
    Temperature Pres. DC (bar) Pressure (bar)   Constr. rmsd
    3.01930e+02   -1.53528e+02   -4.38752e+02    2.99152e-06

           Step           Time
         219000      438.00000

   Energies (kJ/mol)
           Bond          Angle    Proper Dih. Per. Imp. Dih.          LJ-14
    1.45281e+03    3.71942e+03    5.28524e+03    2.73564e+02    1.82219e+03
     Coulomb-14        LJ (SR)  Disper. corr.   Coulomb (SR)   Coul. recip.
    2.24609e+04    4.13277e+04   -2.27330e+03   -4.02723e+05    1.26828e+03
 Position Rest.      Potential    Kinetic En.   Total Energy  Conserved En.
    4.38730e+02   -3.26947e+05    6.10648e+04   -2.65883e+05   -3.19005e+05
    Temperature Pres. DC (bar) Pressure (bar)   Constr. rmsd
    2.98875e+02   -1.53528e+02   -4.73169e+02    2.99152e-06

           Step           Time
         220000      440.00000

   Energies (kJ/mol)
           Bond          Angle    Proper Dih. Per. Imp. Dih.          LJ-14
    1.57906e+03    3.64465e+03    5.17980e+03    2.47396e+02    1.86864e+03
     Coulomb-14        LJ (SR)  Disper. corr.   Coulomb (SR)   Coul. recip.
    2.23113e+04    4.15427e+04   -2.27330e+03   -4.02830e+05    1.38714e+03
 Position Rest.      Potential    Kinetic En.   Total Energy  Conserved En.
    5.16786e+02   -3.26826e+05    6.09833e+04   -2.65843e+05   -3.19000e+05
    Temperature Pres. DC (bar) Pressure (bar)   Constr. rmsd
    2.98476e+02   -1.53528e+02   -7.03810e+02    2.99152e-06

           Step           Time
         221000      442.00000

   Energies (kJ/mol)
           Bond          Angle    Proper Dih. Per. Imp. Dih.          LJ-14
    1.42764e+03    3.72094e+03    5.23508e+03    2.54833e+02    1.87839e+03
     Coulomb-14        LJ (SR)  Disper. corr.   Coulomb (SR)   Coul. recip.
    2.23993e+04    4.10339e+04   -2.27330e+03   -4.01662e+05    1.32867e+03
 Position Rest.      Potential    Kinetic En.   Total Energy  Conserved En.
    5.64068e+02   -3.26093e+05    6.14099e+04   -2.64683e+05   -3.19020e+05
    Temperature Pres. DC (bar) Pressure (bar)   Constr. rmsd
    3.00564e+02   -1.53528e+02   -6.11967e+02    2.99152e-06

           Step           Time
         222000      444.00000

   Energies (kJ/mol)
           Bond          Angle    Proper Dih. Per. Imp. Dih.          LJ-14
    1.66111e+03    3.78882e+03    5.26729e+03    2.72609e+02    1.83823e+03
     Coulomb-14        LJ (SR)  Disper. corr.   Coulomb (SR)   Coul. recip.
    2.22755e+04    4.14559e+04   -2.27330e+03   -4.02465e+05    1.29930e+03
 Position Rest.      Potential    Kinetic En.   Total Energy  Conserved En.
    4.88270e+02   -3.26392e+05    6.12631e+04   -2.65128e+05   -3.19002e+05
    Temperature Pres. DC (bar) Pressure (bar)   Constr. rmsd
    2.99845e+02   -1.53528e+02   -5.09338e+02    2.99152e-06

           Step           Time
         223000      446.00000

   Energies (kJ/mol)
           Bond          Angle    Proper Dih. Per. Imp. Dih.          LJ-14
    1.53871e+03    3.63003e+03    5.22195e+03    2.62581e+02    1.86955e+03
     Coulomb-14        LJ (SR)  Disper. corr.   Coulomb (SR)   Coul. recip.
    2.23489e+04    4.22002e+04   -2.27330e+03   -4.03146e+05    1.23997e+03
 Position Rest.      Potential    Kinetic En.   Total Energy  Conserved En.
    4.88785e+02   -3.26619e+05    6.13960e+04   -2.65223e+05   -3.19038e+05
    Temperature Pres. DC (bar) Pressure (bar)   Constr. rmsd
    3.00496e+02   -1.53528e+02   -1.11235e+02    2.99152e-06

           Step           Time
         224000      448.00000

   Energies (kJ/mol)
           Bond          Angle    Proper Dih. Per. Imp. Dih.          LJ-14
    1.54814e+03    3.73939e+03    5.33363e+03    3.26824e+02    1.83294e+03
     Coulomb-14        LJ (SR)  Disper. corr.   Coulomb (SR)   Coul. recip.
    2.25345e+04    4.10586e+04   -2.27330e+03   -4.02005e+05    1.29050e+03
 Position Rest.      Potential    Kinetic En.   Total Energy  Conserved En.
    5.23061e+02   -3.26091e+05    6.12006e+04   -2.64890e+05   -3.19013e+05
    Temperature Pres. DC (bar) Pressure (bar)   Constr. rmsd
    2.99540e+02   -1.53528e+02   -8.74608e+02    2.99152e-06

           Step           Time
         225000      450.00000

   Energies (kJ/mol)
           Bond          Angle    Proper Dih. Per. Imp. Dih.          LJ-14
    1.55204e+03    3.76328e+03    5.27317e+03    2.77811e+02    1.81684e+03
     Coulomb-14        LJ (SR)  Disper. corr.   Coulomb (SR)   Coul. recip.
    2.22991e+04    4.14166e+04   -2.27330e+03   -4.02032e+05    1.34367e+03
 Position Rest.      Potential    Kinetic En.   Total Energy  Conserved En.
    4.91632e+02   -3.26071e+05    6.08773e+04   -2.65193e+05   -3.19015e+05
    Temperature Pres. DC (bar) Pressure (bar)   Constr. rmsd
    2.97958e+02   -1.53528e+02   -1.17642e+02    2.99152e-06

           Step           Time
         226000      452.00000

   Energies (kJ/mol)
           Bond          Angle    Proper Dih. Per. Imp. Dih.          LJ-14
    1.48657e+03    3.69691e+03    5.15271e+03    2.54569e+02    1.88893e+03
     Coulomb-14        LJ (SR)  Disper. corr.   Coulomb (SR)   Coul. recip.
    2.22827e+04    4.25587e+04   -2.27330e+03   -4.04145e+05    1.27613e+03
 Position Rest.      Potential    Kinetic En.   Total Energy  Conserved En.
    4.81638e+02   -3.27339e+05    6.11993e+04   -2.66140e+05   -3.19015e+05
    Temperature Pres. DC (bar) Pressure (bar)   Constr. rmsd
    2.99533e+02   -1.53528e+02   -3.59150e+02    2.99152e-06

           Step           Time
         227000      454.00000

   Energies (kJ/mol)
           Bond          Angle    Proper Dih. Per. Imp. Dih.          LJ-14
    1.60285e+03    3.90641e+03    5.21326e+03    2.36595e+02    1.78525e+03
     Coulomb-14        LJ (SR)  Disper. corr.   Coulomb (SR)   Coul. recip.
    2.24704e+04    4.11151e+04   -2.27330e+03   -4.00867e+05    1.35820e+03
 Position Rest.      Potential    Kinetic En.   Total Energy  Conserved En.
    5.47152e+02   -3.24905e+05    6.08051e+04   -2.64100e+05   -3.19009e+05
    Temperature Pres. DC (bar) Pressure (bar)   Constr. rmsd
    2.97604e+02   -1.53528e+02   -8.39437e+01    2.99152e-06

           Step           Time
         228000      456.00000

   Energies (kJ/mol)
           Bond          Angle    Proper Dih. Per. Imp. Dih.          LJ-14
    1.49835e+03    3.89232e+03    5.28962e+03    2.37879e+02    1.77657e+03
     Coulomb-14        LJ (SR)  Disper. corr.   Coulomb (SR)   Coul. recip.
    2.23496e+04    4.12057e+04   -2.27330e+03   -4.01196e+05    1.30401e+03
 Position Rest.      Potential    Kinetic En.   Total Energy  Conserved En.
    4.94348e+02   -3.25421e+05    6.09063e+04   -2.64514e+05   -3.19019e+05
    Temperature Pres. DC (bar) Pressure (bar)   Constr. rmsd
    2.98099e+02   -1.53528e+02   -2.38195e+02    2.99152e-06

           Step           Time
         229000      458.00000

   Energies (kJ/mol)
           Bond          Angle    Proper Dih. Per. Imp. Dih.          LJ-14
    1.44054e+03    3.83438e+03    5.14932e+03    2.31888e+02    1.88333e+03
     Coulomb-14        LJ (SR)  Disper. corr.   Coulomb (SR)   Coul. recip.
    2.24328e+04    4.18694e+04   -2.27330e+03   -4.01844e+05    1.30975e+03
 Position Rest.      Potential    Kinetic En.   Total Energy  Conserved En.
    5.53370e+02   -3.25412e+05    6.10881e+04   -2.64324e+05   -3.19029e+05
    Temperature Pres. DC (bar) Pressure (bar)   Constr. rmsd
    2.98989e+02   -1.53528e+02   -4.44110e+02    2.99152e-06

           Step           Time
         230000      460.00000

   Energies (kJ/mol)
           Bond          Angle    Proper Dih. Per. Imp. Dih.          LJ-14
    1.50718e+03    4.10821e+03    5.29057e+03    3.07278e+02    1.90487e+03
     Coulomb-14        LJ (SR)  Disper. corr.   Coulomb (SR)   Coul. recip.
    2.22566e+04    4.14311e+04   -2.27330e+03   -4.01536e+05    1.29184e+03
 Position Rest.      Potential    Kinetic En.   Total Energy  Conserved En.
    4.74443e+02   -3.25237e+05    6.23641e+04   -2.62873e+05   -3.19025e+05
    Temperature Pres. DC (bar) Pressure (bar)   Constr. rmsd
    3.05234e+02   -1.53528e+02   -3.99023e+02    2.99152e-06

           Step           Time
         231000      462.00000

   Energies (kJ/mol)
           Bond          Angle    Proper Dih. Per. Imp. Dih.          LJ-14
    1.47110e+03    3.73024e+03    5.25063e+03    2.96389e+02    1.78551e+03
     Coulomb-14        LJ (SR)  Disper. corr.   Coulomb (SR)   Coul. recip.
    2.23017e+04    4.15322e+04   -2.27330e+03   -4.02440e+05    1.31241e+03
 Position Rest.      Potential    Kinetic En.   Total Energy  Conserved En.
    4.04121e+02   -3.26629e+05    6.15903e+04   -2.65039e+05   -3.19054e+05
    Temperature Pres. DC (bar) Pressure (bar)   Constr. rmsd
    3.01447e+02   -1.53528e+02   -5.11382e+02    2.99152e-06

           Step           Time
         232000      464.00000

   Energies (kJ/mol)
           Bond          Angle    Proper Dih. Per. Imp. Dih.          LJ-14
    1.52718e+03    3.89146e+03    5.31046e+03    2.33866e+02    1.78954e+03
     Coulomb-14        LJ (SR)  Disper. corr.   Coulomb (SR)   Coul. recip.
    2.23176e+04    4.09292e+04   -2.27330e+03   -4.01292e+05    1.28730e+03
 Position Rest.      Potential    Kinetic En.   Total Energy  Conserved En.
    4.85519e+02   -3.25793e+05    6.20154e+04   -2.63778e+05   -3.19061e+05
    Temperature Pres. DC (bar) Pressure (bar)   Constr. rmsd
    3.03528e+02   -1.53528e+02   -9.14136e+02    2.99152e-06

           Step           Time
         233000      466.00000

   Energies (kJ/mol)
           Bond          Angle    Proper Dih. Per. Imp. Dih.          LJ-14
    1.53838e+03    3.69466e+03    5.28303e+03    2.57999e+02    1.86147e+03
     Coulomb-14        LJ (SR)  Disper. corr.   Coulomb (SR)   Coul. recip.
    2.24304e+04    4.13434e+04   -2.27330e+03   -4.02216e+05    1.29298e+03
 Position Rest.      Potential    Kinetic En.   Total Energy  Conserved En.
    4.87428e+02   -3.26299e+05    6.15038e+04   -2.64796e+05   -3.19053e+05
    Temperature Pres. DC (bar) Pressure (bar)   Constr. rmsd
    3.01024e+02   -1.53528e+02   -3.34844e+02    2.99152e-06

           Step           Time
         234000      468.00000

   Energies (kJ/mol)
           Bond          Angle    Proper Dih. Per. Imp. Dih.          LJ-14
    1.50569e+03    3.75157e+03    5.30073e+03    2.73735e+02    1.84303e+03
     Coulomb-14        LJ (SR)  Disper. corr.   Coulomb (SR)   Coul. recip.
    2.25171e+04    4.18567e+04   -2.27330e+03   -4.02507e+05    1.26732e+03
 Position Rest.      Potential    Kinetic En.   Total Energy  Conserved En.
    4.86861e+02   -3.25978e+05    6.14548e+04   -2.64523e+05   -3.19041e+05
    Temperature Pres. DC (bar) Pressure (bar)   Constr. rmsd
    3.00784e+02   -1.53528e+02   -2.69956e+02    2.99152e-06

           Step           Time
         235000      470.00000

   Energies (kJ/mol)
           Bond          Angle    Proper Dih. Per. Imp. Dih.          LJ-14
    1.31826e+03    3.66748e+03    5.28202e+03    2.81527e+02    1.81780e+03
     Coulomb-14        LJ (SR)  Disper. corr.   Coulomb (SR)   Coul. recip.
    2.24106e+04    4.18229e+04   -2.27330e+03   -4.03383e+05    1.32962e+03
 Position Rest.      Potential    Kinetic En.   Total Energy  Conserved En.
    4.65771e+02   -3.27260e+05    6.03605e+04   -2.66900e+05   -3.19063e+05
    Temperature Pres. DC (bar) Pressure (bar)   Constr. rmsd
    2.95428e+02   -1.53528e+02   -1.74555e+02    2.99152e-06

           Step           Time
         236000      472.00000

   Energies (kJ/mol)
           Bond          Angle    Proper Dih. Per. Imp. Dih.          LJ-14
    1.51849e+03    3.95641e+03    5.24061e+03    2.58543e+02    1.81843e+03
     Coulomb-14        LJ (SR)  Disper. corr.   Coulomb (SR)   Coul. recip.
    2.23991e+04    4.16449e+04   -2.27330e+03   -4.03175e+05    1.36407e+03
 Position Rest.      Potential    Kinetic En.   Total Energy  Conserved En.
    5.29973e+02   -3.26718e+05    6.10325e+04   -2.65686e+05   -3.19028e+05
    Temperature Pres. DC (bar) Pressure (bar)   Constr. rmsd
    2.98717e+02   -1.53528e+02   -5.78085e+02    2.99152e-06

           Step           Time
         237000      474.00000

   Energies (kJ/mol)
           Bond          Angle    Proper Dih. Per. Imp. Dih.          LJ-14
    1.44173e+03    3.83347e+03    5.25234e+03    2.64841e+02    1.77570e+03
     Coulomb-14        LJ (SR)  Disper. corr.   Coulomb (SR)   Coul. recip.
    2.23654e+04    4.17740e+04   -2.27330e+03   -4.02822e+05    1.34103e+03
 Position Rest.      Potential    Kinetic En.   Total Energy  Conserved En.
    4.91584e+02   -3.26555e+05    6.10924e+04   -2.65463e+05   -3.19052e+05
    Temperature Pres. DC (bar) Pressure (bar)   Constr. rmsd
    2.99010e+02   -1.53528e+02   -4.24699e+02    2.99152e-06

           Step           Time
         238000      476.00000

   Energies (kJ/mol)
           Bond          Angle    Proper Dih. Per. Imp. Dih.          LJ-14
    1.45542e+03    3.76095e+03    5.36674e+03    2.74835e+02    1.89030e+03
     Coulomb-14        LJ (SR)  Disper. corr.   Coulomb (SR)   Coul. recip.
    2.24957e+04    4.14335e+04   -2.27330e+03   -4.03375e+05    1.33839e+03
 Position Rest.      Potential    Kinetic En.   Total Energy  Conserved En.
    4.41040e+02   -3.27192e+05    6.11860e+04   -2.66006e+05   -3.19050e+05
    Temperature Pres. DC (bar) Pressure (bar)   Constr. rmsd
    2.99468e+02   -1.53528e+02   -5.00364e+02    2.99152e-06

           Step           Time
         239000      478.00000

   Energies (kJ/mol)
           Bond          Angle    Proper Dih. Per. Imp. Dih.          LJ-14
    1.69146e+03    3.80376e+03    5.22390e+03    2.50709e+02    1.84857e+03
     Coulomb-14        LJ (SR)  Disper. corr.   Coulomb (SR)   Coul. recip.
    2.22597e+04    4.27135e+04   -2.27330e+03   -4.03952e+05    1.37974e+03
 Position Rest.      Potential    Kinetic En.   Total Energy  Conserved En.
    4.64960e+02   -3.26589e+05    6.25172e+04   -2.64072e+05   -3.19043e+05
    Temperature Pres. DC (bar) Pressure (bar)   Constr. rmsd
    3.05984e+02   -1.53528e+02   -5.63478e+02    2.99152e-06

           Step           Time
         240000      480.00000

   Energies (kJ/mol)
           Bond          Angle    Proper Dih. Per. Imp. Dih.          LJ-14
    1.48219e+03    3.92044e+03    5.18255e+03    2.72260e+02    1.81501e+03
     Coulomb-14        LJ (SR)  Disper. corr.   Coulomb (SR)   Coul. recip.
    2.23346e+04    4.27639e+04   -2.27330e+03   -4.03643e+05    1.32651e+03
 Position Rest.      Potential    Kinetic En.   Total Energy  Conserved En.
    5.27998e+02   -3.26290e+05    6.20739e+04   -2.64217e+05   -3.19051e+05
    Temperature Pres. DC (bar) Pressure (bar)   Constr. rmsd
    3.03814e+02   -1.53528e+02   -2.16567e+02    2.99152e-06

           Step           Time
         241000      482.00000

   Energies (kJ/mol)
           Bond          Angle    Proper Dih. Per. Imp. Dih.          LJ-14
    1.62783e+03    3.72330e+03    5.19444e+03    3.11504e+02    1.84519e+03
     Coulomb-14        LJ (SR)  Disper. corr.   Coulomb (SR)   Coul. recip.
    2.24231e+04    4.12852e+04   -2.27330e+03   -4.01898e+05    1.32692e+03
 Position Rest.      Potential    Kinetic En.   Total Energy  Conserved En.
    4.95728e+02   -3.25938e+05    6.11865e+04   -2.64752e+05   -3.19034e+05
    Temperature Pres. DC (bar) Pressure (bar)   Constr. rmsd
    2.99471e+02   -1.53528e+02   -8.47434e+02    2.99152e-06

           Step           Time
         242000      484.00000

   Energies (kJ/mol)
           Bond          Angle    Proper Dih. Per. Imp. Dih.          LJ-14
    1.43974e+03    3.79288e+03    5.26731e+03    2.50103e+02    1.87881e+03
     Coulomb-14        LJ (SR)  Disper. corr.   Coulomb (SR)   Coul. recip.
    2.24993e+04    4.18485e+04   -2.27330e+03   -4.03395e+05    1.32838e+03
 Position Rest.      Potential    Kinetic En.   Total Energy  Conserved En.
    4.41584e+02   -3.26921e+05    6.11907e+04   -2.65731e+05   -3.19045e+05
    Temperature Pres. DC (bar) Pressure (bar)   Constr. rmsd
    2.99491e+02   -1.53528e+02   -6.14652e+02    2.99152e-06

           Step           Time
         243000      486.00000

   Energies (kJ/mol)
           Bond          Angle    Proper Dih. Per. Imp. Dih.          LJ-14
    1.47075e+03    3.99148e+03    5.20849e+03    2.76048e+02    1.91451e+03
     Coulomb-14        LJ (SR)  Disper. corr.   Coulomb (SR)   Coul. recip.
    2.23139e+04    4.23927e+04   -2.27330e+03   -4.02802e+05    1.36501e+03
 Position Rest.      Potential    Kinetic En.   Total Energy  Conserved En.
    4.90577e+02   -3.25652e+05    6.10972e+04   -2.64555e+05   -3.19038e+05
    Temperature Pres. DC (bar) Pressure (bar)   Constr. rmsd
    2.99034e+02   -1.53528e+02    4.60848e+02    2.99152e-06

           Step           Time
         244000      488.00000

   Energies (kJ/mol)
           Bond          Angle    Proper Dih. Per. Imp. Dih.          LJ-14
    1.58930e+03    3.85498e+03    5.25381e+03    2.68475e+02    1.93709e+03
     Coulomb-14        LJ (SR)  Disper. corr.   Coulomb (SR)   Coul. recip.
    2.23521e+04    4.14364e+04   -2.27330e+03   -4.01613e+05    1.33729e+03
 Position Rest.      Potential    Kinetic En.   Total Energy  Conserved En.
    5.57075e+02   -3.25299e+05    6.19901e+04   -2.63309e+05   -3.19042e+05
    Temperature Pres. DC (bar) Pressure (bar)   Constr. rmsd
    3.03404e+02   -1.53528e+02   -3.42864e+02    2.99152e-06

           Step           Time
         245000      490.00000

   Energies (kJ/mol)
           Bond          Angle    Proper Dih. Per. Imp. Dih.          LJ-14
    1.51933e+03    3.89478e+03    5.28431e+03    2.96025e+02    1.86492e+03
     Coulomb-14        LJ (SR)  Disper. corr.   Coulomb (SR)   Coul. recip.
    2.23277e+04    4.13414e+04   -2.27330e+03   -4.01100e+05    1.34729e+03
 Position Rest.      Potential    Kinetic En.   Total Energy  Conserved En.
    4.43947e+02   -3.25054e+05    6.15898e+04   -2.63464e+05   -3.19061e+05
    Temperature Pres. DC (bar) Pressure (bar)   Constr. rmsd
    3.01445e+02   -1.53528e+02   -2.56198e+01    2.99152e-06

           Step           Time
         246000      492.00000

   Energies (kJ/mol)
           Bond          Angle    Proper Dih. Per. Imp. Dih.          LJ-14
    1.58639e+03    3.81454e+03    5.22425e+03    2.46813e+02    1.91439e+03
     Coulomb-14        LJ (SR)  Disper. corr.   Coulomb (SR)   Coul. recip.
    2.21339e+04    4.10963e+04   -2.27330e+03   -4.01663e+05    1.30640e+03
 Position Rest.      Potential    Kinetic En.   Total Energy  Conserved En.
    5.22356e+02   -3.26090e+05    6.20150e+04   -2.64075e+05   -3.19065e+05
    Temperature Pres. DC (bar) Pressure (bar)   Constr. rmsd
    3.03526e+02   -1.53528e+02   -4.18954e+02    2.99152e-06

           Step           Time
         247000      494.00000

   Energies (kJ/mol)
           Bond          Angle    Proper Dih. Per. Imp. Dih.          LJ-14
    1.51650e+03    3.78113e+03    5.23157e+03    2.82784e+02    1.85243e+03
     Coulomb-14        LJ (SR)  Disper. corr.   Coulomb (SR)   Coul. recip.
    2.24564e+04    4.16848e+04   -2.27330e+03   -4.02223e+05    1.28251e+03
 Position Rest.      Potential    Kinetic En.   Total Energy  Conserved En.
    4.61116e+02   -3.25947e+05    6.12092e+04   -2.64738e+05   -3.19076e+05
    Temperature Pres. DC (bar) Pressure (bar)   Constr. rmsd
    2.99582e+02   -1.53528e+02    9.87600e+01    2.99152e-06

           Step           Time
         248000      496.00000

   Energies (kJ/mol)
           Bond          Angle    Proper Dih. Per. Imp. Dih.          LJ-14
    1.50722e+03    3.82292e+03    5.32632e+03    2.53072e+02    1.85091e+03
     Coulomb-14        LJ (SR)  Disper. corr.   Coulomb (SR)   Coul. recip.
    2.21626e+04    4.16849e+04   -2.27330e+03   -4.03551e+05    1.32185e+03
 Position Rest.      Potential    Kinetic En.   Total Energy  Conserved En.
    4.67308e+02   -3.27428e+05    6.13090e+04   -2.66119e+05   -3.19085e+05
    Temperature Pres. DC (bar) Pressure (bar)   Constr. rmsd
    3.00070e+02   -1.53528e+02   -1.26810e+02    2.99152e-06

           Step           Time
         249000      498.00000

   Energies (kJ/mol)
           Bond          Angle    Proper Dih. Per. Imp. Dih.          LJ-14
    1.49347e+03    3.64005e+03    5.31024e+03    2.61533e+02    1.85198e+03
     Coulomb-14        LJ (SR)  Disper. corr.   Coulomb (SR)   Coul. recip.
    2.24810e+04    4.12498e+04   -2.27330e+03   -4.02504e+05    1.29315e+03
 Position Rest.      Potential    Kinetic En.   Total Energy  Conserved En.
    4.86313e+02   -3.26710e+05    6.10060e+04   -2.65704e+05   -3.19075e+05
    Temperature Pres. DC (bar) Pressure (bar)   Constr. rmsd
    2.98587e+02   -1.53528e+02   -1.03773e+03    2.99152e-06

           Step           Time
         250000      500.00000

   Energies (kJ/mol)
           Bond          Angle    Proper Dih. Per. Imp. Dih.          LJ-14
    1.53534e+03    3.78564e+03    5.20103e+03    2.86985e+02    1.88524e+03
     Coulomb-14        LJ (SR)  Disper. corr.   Coulomb (SR)   Coul. recip.
    2.22090e+04    4.07439e+04   -2.27330e+03   -4.01657e+05    1.34869e+03
 Position Rest.      Potential    Kinetic En.   Total Energy  Conserved En.
    5.09978e+02   -3.26425e+05    6.07064e+04   -2.65718e+05   -3.19077e+05
    Temperature Pres. DC (bar) Pressure (bar)   Constr. rmsd
    2.97121e+02   -1.53528e+02   -1.04854e+02    2.99152e-06

           Step           Time
         251000      502.00000

   Energies (kJ/mol)
           Bond          Angle    Proper Dih. Per. Imp. Dih.          LJ-14
    1.45237e+03    3.69598e+03    5.25345e+03    2.42517e+02    1.85819e+03
     Coulomb-14        LJ (SR)  Disper. corr.   Coulomb (SR)   Coul. recip.
    2.23384e+04    4.09266e+04   -2.27330e+03   -4.01177e+05    1.35675e+03
 Position Rest.      Potential    Kinetic En.   Total Energy  Conserved En.
    5.06822e+02   -3.25820e+05    6.08564e+04   -2.64963e+05   -3.19081e+05
    Temperature Pres. DC (bar) Pressure (bar)   Constr. rmsd
    2.97855e+02   -1.53528e+02   -7.27169e+02    2.99152e-06

           Step           Time
         252000      504.00000

   Energies (kJ/mol)
           Bond          Angle    Proper Dih. Per. Imp. Dih.          LJ-14
    1.45657e+03    3.75837e+03    5.27402e+03    2.37388e+02    1.80245e+03
     Coulomb-14        LJ (SR)  Disper. corr.   Coulomb (SR)   Coul. recip.
    2.23638e+04    4.24861e+04   -2.27330e+03   -4.03955e+05    1.30684e+03
 Position Rest.      Potential    Kinetic En.   Total Energy  Conserved En.
    5.10229e+02   -3.27032e+05    6.10711e+04   -2.65961e+05   -3.19096e+05
    Temperature Pres. DC (bar) Pressure (bar)   Constr. rmsd
    2.98906e+02   -1.53528e+02   -5.30131e+02    2.99152e-06

           Step           Time
         253000      506.00000

   Energies (kJ/mol)
           Bond          Angle    Proper Dih. Per. Imp. Dih.          LJ-14
    1.55502e+03    3.81679e+03    5.25098e+03    2.84172e+02    1.84155e+03
     Coulomb-14        LJ (SR)  Disper. corr.   Coulomb (SR)   Coul. recip.
    2.24234e+04    4.16156e+04   -2.27330e+03   -4.02095e+05    1.33356e+03
 Position Rest.      Potential    Kinetic En.   Total Energy  Conserved En.
    4.70528e+02   -3.25776e+05    6.16021e+04   -2.64174e+05   -3.19082e+05
    Temperature Pres. DC (bar) Pressure (bar)   Constr. rmsd
    3.01505e+02   -1.53528e+02   -8.41725e+01    2.99152e-06

           Step           Time
         254000      508.00000

   Energies (kJ/mol)
           Bond          Angle    Proper Dih. Per. Imp. Dih.          LJ-14
    1.51516e+03    3.70130e+03    5.22628e+03    2.58102e+02    1.83757e+03
     Coulomb-14        LJ (SR)  Disper. corr.   Coulomb (SR)   Coul. recip.
    2.23485e+04    4.18660e+04   -2.27330e+03   -4.02845e+05    1.33505e+03
 Position Rest.      Potential    Kinetic En.   Total Energy  Conserved En.
    4.78835e+02   -3.26551e+05    6.07181e+04   -2.65833e+05   -3.19092e+05
    Temperature Pres. DC (bar) Pressure (bar)   Constr. rmsd
    2.97178e+02   -1.53528e+02    6.15896e+01    2.99152e-06

           Step           Time
         255000      510.00000

   Energies (kJ/mol)
           Bond          Angle    Proper Dih. Per. Imp. Dih.          LJ-14
    1.54458e+03    3.87850e+03    5.22913e+03    2.59293e+02    1.86120e+03
     Coulomb-14        LJ (SR)  Disper. corr.   Coulomb (SR)   Coul. recip.
    2.23813e+04    4.22837e+04   -2.27330e+03   -4.02951e+05    1.34119e+03
 Position Rest.      Potential    Kinetic En.   Total Energy  Conserved En.
    4.65412e+02   -3.25980e+05    6.14423e+04   -2.64538e+05   -3.19094e+05
    Temperature Pres. DC (bar) Pressure (bar)   Constr. rmsd
    3.00723e+02   -1.53528e+02   -1.18284e+02    2.99152e-06

           Step           Time
         256000      512.00000

   Energies (kJ/mol)
           Bond          Angle    Proper Dih. Per. Imp. Dih.          LJ-14
    1.58962e+03    3.66052e+03    5.17918e+03    2.36206e+02    1.83415e+03
     Coulomb-14        LJ (SR)  Disper. corr.   Coulomb (SR)   Coul. recip.
    2.23386e+04    4.06525e+04   -2.27330e+03   -4.01136e+05    1.35501e+03
 Position Rest.      Potential    Kinetic En.   Total Energy  Conserved En.
    4.48231e+02   -3.26116e+05    6.18908e+04   -2.64225e+05   -3.19110e+05
    Temperature Pres. DC (bar) Pressure (bar)   Constr. rmsd
    3.02918e+02   -1.53528e+02   -7.61991e+02    2.99152e-06

           Step           Time
         257000      514.00000

   Energies (kJ/mol)
           Bond          Angle    Proper Dih. Per. Imp. Dih.          LJ-14
    1.57737e+03    3.88258e+03    5.19673e+03    2.74040e+02    1.84351e+03
     Coulomb-14        LJ (SR)  Disper. corr.   Coulomb (SR)   Coul. recip.
    2.23891e+04    4.18951e+04   -2.27330e+03   -4.02319e+05    1.33536e+03
 Position Rest.      Potential    Kinetic En.   Total Energy  Conserved En.
    4.60222e+02   -3.25738e+05    6.12584e+04   -2.64480e+05   -3.19087e+05
    Temperature Pres. DC (bar) Pressure (bar)   Constr. rmsd
    2.99823e+02   -1.53528e+02   -2.21101e+02    2.99152e-06

           Step           Time
         258000      516.00000

   Energies (kJ/mol)
           Bond          Angle    Proper Dih. Per. Imp. Dih.          LJ-14
    1.53594e+03    3.79082e+03    5.16765e+03    2.51863e+02    1.81399e+03
     Coulomb-14        LJ (SR)  Disper. corr.   Coulomb (SR)   Coul. recip.
    2.22942e+04    4.14849e+04   -2.27330e+03   -4.02079e+05    1.37010e+03
 Position Rest.      Potential    Kinetic En.   Total Energy  Conserved En.
    5.15356e+02   -3.26127e+05    6.15322e+04   -2.64595e+05   -3.19109e+05
    Temperature Pres. DC (bar) Pressure (bar)   Constr. rmsd
    3.01163e+02   -1.53528e+02   -4.69859e+02    2.99152e-06

           Step           Time
         259000      518.00000

   Energies (kJ/mol)
           Bond          Angle    Proper Dih. Per. Imp. Dih.          LJ-14
    1.57639e+03    3.90733e+03    5.20278e+03    2.35193e+02    1.90281e+03
     Coulomb-14        LJ (SR)  Disper. corr.   Coulomb (SR)   Coul. recip.
    2.24081e+04    4.15872e+04   -2.27330e+03   -4.02484e+05    1.34301e+03
 Position Rest.      Potential    Kinetic En.   Total Energy  Conserved En.
    5.06908e+02   -3.26088e+05    6.10426e+04   -2.65045e+05   -3.19079e+05
    Temperature Pres. DC (bar) Pressure (bar)   Constr. rmsd
    2.98766e+02   -1.53528e+02   -6.52734e+02    2.99152e-06

           Step           Time
         260000      520.00000

   Energies (kJ/mol)
           Bond          Angle    Proper Dih. Per. Imp. Dih.          LJ-14
    1.51417e+03    3.74374e+03    5.23981e+03    2.69537e+02    1.80350e+03
     Coulomb-14        LJ (SR)  Disper. corr.   Coulomb (SR)   Coul. recip.
    2.22868e+04    4.12802e+04   -2.27330e+03   -4.01731e+05    1.34631e+03
 Position Rest.      Potential    Kinetic En.   Total Energy  Conserved En.
    4.81169e+02   -3.26039e+05    6.05562e+04   -2.65483e+05   -3.19121e+05
    Temperature Pres. DC (bar) Pressure (bar)   Constr. rmsd
    2.96386e+02   -1.53528e+02   -5.63088e+02    2.99152e-06

           Step           Time
         261000      522.00000

   Energies (kJ/mol)
           Bond          Angle    Proper Dih. Per. Imp. Dih.          LJ-14
    1.41707e+03    3.81945e+03    5.25585e+03    2.90513e+02    1.83245e+03
     Coulomb-14        LJ (SR)  Disper. corr.   Coulomb (SR)   Coul. recip.
    2.24560e+04    4.18031e+04   -2.27330e+03   -4.02757e+05    1.31805e+03
 Position Rest.      Potential    Kinetic En.   Total Energy  Conserved En.
    5.47325e+02   -3.26290e+05    6.06348e+04   -2.65655e+05   -3.19122e+05
    Temperature Pres. DC (bar) Pressure (bar)   Constr. rmsd
    2.96770e+02   -1.53528e+02   -1.05195e+03    2.99152e-06

           Step           Time
         262000      524.00000

   Energies (kJ/mol)
           Bond          Angle    Proper Dih. Per. Imp. Dih.          LJ-14
    1.47241e+03    3.84065e+03    5.18047e+03    2.62652e+02    1.83327e+03
     Coulomb-14        LJ (SR)  Disper. corr.   Coulomb (SR)   Coul. recip.
    2.23256e+04    4.16940e+04   -2.27330e+03   -4.03360e+05    1.27928e+03
 Position Rest.      Potential    Kinetic En.   Total Energy  Conserved En.
    5.19864e+02   -3.27225e+05    6.10541e+04   -2.66171e+05   -3.19118e+05
    Temperature Pres. DC (bar) Pressure (bar)   Constr. rmsd
    2.98823e+02   -1.53528e+02   -2.83409e+02    2.99152e-06

           Step           Time
         263000      526.00000

   Energies (kJ/mol)
           Bond          Angle    Proper Dih. Per. Imp. Dih.          LJ-14
    1.49639e+03    3.62045e+03    5.17885e+03    2.85964e+02    1.86565e+03
     Coulomb-14        LJ (SR)  Disper. corr.   Coulomb (SR)   Coul. recip.
    2.25039e+04    4.23819e+04   -2.27330e+03   -4.03574e+05    1.32279e+03
 Position Rest.      Potential    Kinetic En.   Total Energy  Conserved En.
    4.88079e+02   -3.26703e+05    6.08400e+04   -2.65863e+05   -3.19119e+05
    Temperature Pres. DC (bar) Pressure (bar)   Constr. rmsd
    2.97775e+02   -1.53528e+02    2.85050e+01    2.99152e-06

           Step           Time
         264000      528.00000

   Energies (kJ/mol)
           Bond          Angle    Proper Dih. Per. Imp. Dih.          LJ-14
    1.58430e+03    3.77821e+03    5.19613e+03    2.37905e+02    1.85918e+03
     Coulomb-14        LJ (SR)  Disper. corr.   Coulomb (SR)   Coul. recip.
    2.24772e+04    4.10437e+04   -2.27330e+03   -4.01466e+05    1.32810e+03
 Position Rest.      Potential    Kinetic En.   Total Energy  Conserved En.
    4.65836e+02   -3.25769e+05    6.16941e+04   -2.64075e+05   -3.19130e+05
    Temperature Pres. DC (bar) Pressure (bar)   Constr. rmsd
    3.01955e+02   -1.53528e+02   -3.06386e+01    2.99152e-06

           Step           Time
         265000      530.00000

   Energies (kJ/mol)
           Bond          Angle    Proper Dih. Per. Imp. Dih.          LJ-14
    1.52884e+03    3.71366e+03    5.24263e+03    2.54754e+02    1.81958e+03
     Coulomb-14        LJ (SR)  Disper. corr.   Coulomb (SR)   Coul. recip.
    2.22431e+04    4.09395e+04   -2.27330e+03   -4.01230e+05    1.31065e+03
 Position Rest.      Potential    Kinetic En.   Total Energy  Conserved En.
    4.64396e+02   -3.25986e+05    6.14387e+04   -2.64547e+05   -3.19149e+05
    Temperature Pres. DC (bar) Pressure (bar)   Constr. rmsd
    3.00705e+02   -1.53528e+02   -9.48309e+02    2.99152e-06

           Step           Time
         266000      532.00000

   Energies (kJ/mol)
           Bond          Angle    Proper Dih. Per. Imp. Dih.          LJ-14
    1.55734e+03    3.55444e+03    5.21918e+03    2.83200e+02    1.86502e+03
     Coulomb-14        LJ (SR)  Disper. corr.   Coulomb (SR)   Coul. recip.
    2.23598e+04    4.14387e+04   -2.27330e+03   -4.03124e+05    1.29240e+03
 Position Rest.      Potential    Kinetic En.   Total Energy  Conserved En.
    5.14140e+02   -3.27313e+05    6.07803e+04   -2.66533e+05   -3.19129e+05
    Temperature Pres. DC (bar) Pressure (bar)   Constr. rmsd
    2.97483e+02   -1.53528e+02   -3.23142e+02    2.99152e-06

           Step           Time
         267000      534.00000

   Energies (kJ/mol)
           Bond          Angle    Proper Dih. Per. Imp. Dih.          LJ-14
    1.43118e+03    3.79650e+03    5.21287e+03    2.60277e+02    1.83535e+03
     Coulomb-14        LJ (SR)  Disper. corr.   Coulomb (SR)   Coul. recip.
    2.23337e+04    4.09277e+04   -2.27330e+03   -4.02487e+05    1.36287e+03
 Position Rest.      Potential    Kinetic En.   Total Energy  Conserved En.
    5.36725e+02   -3.27063e+05    6.09798e+04   -2.66083e+05   -3.19144e+05
    Temperature Pres. DC (bar) Pressure (bar)   Constr. rmsd
    2.98459e+02   -1.53528e+02   -5.77854e+02    2.99152e-06

           Step           Time
         268000      536.00000

   Energies (kJ/mol)
           Bond          Angle    Proper Dih. Per. Imp. Dih.          LJ-14
    1.45193e+03    3.92878e+03    5.22437e+03    2.45777e+02    1.89591e+03
     Coulomb-14        LJ (SR)  Disper. corr.   Coulomb (SR)   Coul. recip.
    2.23273e+04    4.17783e+04   -2.27330e+03   -4.01973e+05    1.31048e+03
 Position Rest.      Potential    Kinetic En.   Total Energy  Conserved En.
    5.25676e+02   -3.25558e+05    6.10690e+04   -2.64489e+05   -3.19117e+05
    Temperature Pres. DC (bar) Pressure (bar)   Constr. rmsd
    2.98896e+02   -1.53528e+02   -2.45441e+02    2.99152e-06

           Step           Time
         269000      538.00000

   Energies (kJ/mol)
           Bond          Angle    Proper Dih. Per. Imp. Dih.          LJ-14
    1.53138e+03    3.75795e+03    5.18027e+03    2.24214e+02    1.84805e+03
     Coulomb-14        LJ (SR)  Disper. corr.   Coulomb (SR)   Coul. recip.
    2.24485e+04    4.06000e+04   -2.27330e+03   -4.00678e+05    1.31365e+03
 Position Rest.      Potential    Kinetic En.   Total Energy  Conserved En.
    5.16239e+02   -3.25531e+05    6.14154e+04   -2.64115e+05   -3.19157e+05
    Temperature Pres. DC (bar) Pressure (bar)   Constr. rmsd
    3.00591e+02   -1.53528e+02   -2.97561e+02    2.99152e-06

           Step           Time
         270000      540.00000

   Energies (kJ/mol)
           Bond          Angle    Proper Dih. Per. Imp. Dih.          LJ-14
    1.41585e+03    3.86653e+03    5.25984e+03    2.52166e+02    1.84912e+03
     Coulomb-14        LJ (SR)  Disper. corr.   Coulomb (SR)   Coul. recip.
    2.23500e+04    4.06286e+04   -2.27330e+03   -4.00698e+05    1.32997e+03
 Position Rest.      Potential    Kinetic En.   Total Energy  Conserved En.
    4.91060e+02   -3.25528e+05    6.06579e+04   -2.64870e+05   -3.19139e+05
    Temperature Pres. DC (bar) Pressure (bar)   Constr. rmsd
    2.96883e+02   -1.53528e+02   -3.18747e+02    2.99152e-06

           Step           Time
         271000      542.00000

   Energies (kJ/mol)
           Bond          Angle    Proper Dih. Per. Imp. Dih.          LJ-14
    1.52612e+03    3.81908e+03    5.23822e+03    2.50106e+02    1.81827e+03
     Coulomb-14        LJ (SR)  Disper. corr.   Coulomb (SR)   Coul. recip.
    2.22385e+04    4.21362e+04   -2.27330e+03   -4.04014e+05    1.38022e+03
 Position Rest.      Potential    Kinetic En.   Total Energy  Conserved En.
    4.62148e+02   -3.27418e+05    6.09281e+04   -2.66490e+05   -3.19149e+05
    Temperature Pres. DC (bar) Pressure (bar)   Constr. rmsd
    2.98206e+02   -1.53528e+02   -1.24345e+00    2.99152e-06

           Step           Time
         272000      544.00000

   Energies (kJ/mol)
           Bond          Angle    Proper Dih. Per. Imp. Dih.          LJ-14
    1.58731e+03    3.80941e+03    5.29311e+03    2.42509e+02    1.82934e+03
     Coulomb-14        LJ (SR)  Disper. corr.   Coulomb (SR)   Coul. recip.
    2.23022e+04    4.20142e+04   -2.27330e+03   -4.02930e+05    1.30536e+03
 Position Rest.      Potential    Kinetic En.   Total Energy  Conserved En.
    4.65677e+02   -3.26355e+05    6.09587e+04   -2.65396e+05   -3.19146e+05
    Temperature Pres. DC (bar) Pressure (bar)   Constr. rmsd
    2.98356e+02   -1.53528e+02   -4.82671e+02    2.99152e-06

           Step           Time
         273000      546.00000

   Energies (kJ/mol)
           Bond          Angle    Proper Dih. Per. Imp. Dih.          LJ-14
    1.45744e+03    3.63233e+03    5.18288e+03    2.48097e+02    1.95133e+03
     Coulomb-14        LJ (SR)  Disper. corr.   Coulomb (SR)   Coul. recip.
    2.25847e+04    4.23613e+04   -2.27330e+03   -4.03744e+05    1.28153e+03
 Position Rest.      Potential    Kinetic En.   Total Energy  Conserved En.
    5.09527e+02   -3.26809e+05    6.16334e+04   -2.65175e+05   -3.19164e+05
    Temperature Pres. DC (bar) Pressure (bar)   Constr. rmsd
    3.01658e+02   -1.53528e+02    1.60499e+02    2.99152e-06

           Step           Time
         274000      548.00000

   Energies (kJ/mol)
           Bond          Angle    Proper Dih. Per. Imp. Dih.          LJ-14
    1.42039e+03    3.87124e+03    5.24119e+03    2.68451e+02    1.84251e+03
     Coulomb-14        LJ (SR)  Disper. corr.   Coulomb (SR)   Coul. recip.
    2.24634e+04    4.09169e+04   -2.27330e+03   -4.00966e+05    1.32099e+03
 Position Rest.      Potential    Kinetic En.   Total Energy  Conserved En.
    5.20083e+02   -3.25374e+05    6.09918e+04   -2.64382e+05   -3.19159e+05
    Temperature Pres. DC (bar) Pressure (bar)   Constr. rmsd
    2.98518e+02   -1.53528e+02   -2.41806e+02    2.99152e-06

           Step           Time
         275000      550.00000

   Energies (kJ/mol)
           Bond          Angle    Proper Dih. Per. Imp. Dih.          LJ-14
    1.51798e+03    3.62214e+03    5.22444e+03    3.01033e+02    1.89113e+03
     Coulomb-14        LJ (SR)  Disper. corr.   Coulomb (SR)   Coul. recip.
    2.24634e+04    4.10756e+04   -2.27330e+03   -4.02311e+05    1.32435e+03
 Position Rest.      Potential    Kinetic En.   Total Energy  Conserved En.
    5.50601e+02   -3.26613e+05    6.14289e+04   -2.65184e+05   -3.19168e+05
    Temperature Pres. DC (bar) Pressure (bar)   Constr. rmsd
    3.00657e+02   -1.53528e+02   -6.82282e+02    2.99152e-06

           Step           Time
         276000      552.00000

   Energies (kJ/mol)
           Bond          Angle    Proper Dih. Per. Imp. Dih.          LJ-14
    1.44010e+03    3.86945e+03    5.27427e+03    2.62858e+02    1.89287e+03
     Coulomb-14        LJ (SR)  Disper. corr.   Coulomb (SR)   Coul. recip.
    2.24111e+04    4.14275e+04   -2.27330e+03   -4.02338e+05    1.29117e+03
 Position Rest.      Potential    Kinetic En.   Total Energy  Conserved En.
    5.52100e+02   -3.26190e+05    6.19944e+04   -2.64196e+05   -3.19170e+05
    Temperature Pres. DC (bar) Pressure (bar)   Constr. rmsd
    3.03425e+02   -1.53528e+02   -4.69229e+02    2.99152e-06

           Step           Time
         277000      554.00000

   Energies (kJ/mol)
           Bond          Angle    Proper Dih. Per. Imp. Dih.          LJ-14
    1.54565e+03    3.72680e+03    5.13945e+03    2.82345e+02    1.83711e+03
     Coulomb-14        LJ (SR)  Disper. corr.   Coulomb (SR)   Coul. recip.
    2.23042e+04    4.17104e+04   -2.27330e+03   -4.02642e+05    1.28384e+03
 Position Rest.      Potential    Kinetic En.   Total Energy  Conserved En.
    4.85229e+02   -3.26600e+05    6.03967e+04   -2.66204e+05   -3.19154e+05
    Temperature Pres. DC (bar) Pressure (bar)   Constr. rmsd
    2.95605e+02   -1.53528e+02   -8.84377e+01    2.99152e-06

           Step           Time
         278000      556.00000

   Energies (kJ/mol)
           Bond          Angle    Proper Dih. Per. Imp. Dih.          LJ-14
    1.46208e+03    3.87654e+03    5.26396e+03    2.95558e+02    1.83414e+03
     Coulomb-14        LJ (SR)  Disper. corr.   Coulomb (SR)   Coul. recip.
    2.23130e+04    4.28371e+04   -2.27330e+03   -4.03614e+05    1.31864e+03
 Position Rest.      Potential    Kinetic En.   Total Energy  Conserved En.
    5.36640e+02   -3.26149e+05    6.12305e+04   -2.64919e+05   -3.19145e+05
    Temperature Pres. DC (bar) Pressure (bar)   Constr. rmsd
    2.99686e+02   -1.53528e+02    6.72727e+01    2.99152e-06

           Step           Time
         279000      558.00000

   Energies (kJ/mol)
           Bond          Angle    Proper Dih. Per. Imp. Dih.          LJ-14
    1.60027e+03    3.81038e+03    5.26486e+03    2.45685e+02    1.84940e+03
     Coulomb-14        LJ (SR)  Disper. corr.   Coulomb (SR)   Coul. recip.
    2.24274e+04    4.13986e+04   -2.27330e+03   -4.02621e+05    1.36427e+03
 Position Rest.      Potential    Kinetic En.   Total Energy  Conserved En.
    5.10577e+02   -3.26422e+05    6.20151e+04   -2.64407e+05   -3.19152e+05
    Temperature Pres. DC (bar) Pressure (bar)   Constr. rmsd
    3.03526e+02   -1.53528e+02   -5.68626e+02    2.99152e-06

           Step           Time
         280000      560.00000

   Energies (kJ/mol)
           Bond          Angle    Proper Dih. Per. Imp. Dih.          LJ-14
    1.58467e+03    3.83249e+03    5.27488e+03    2.61344e+02    1.81081e+03
     Coulomb-14        LJ (SR)  Disper. corr.   Coulomb (SR)   Coul. recip.
    2.23486e+04    4.12592e+04   -2.27330e+03   -4.01511e+05    1.37414e+03
 Position Rest.      Potential    Kinetic En.   Total Energy  Conserved En.
    5.21894e+02   -3.25517e+05    6.18070e+04   -2.63710e+05   -3.19154e+05
    Temperature Pres. DC (bar) Pressure (bar)   Constr. rmsd
    3.02508e+02   -1.53528e+02   -2.65339e+02    2.99152e-06

           Step           Time
         281000      562.00000

   Energies (kJ/mol)
           Bond          Angle    Proper Dih. Per. Imp. Dih.          LJ-14
    1.52344e+03    3.69981e+03    5.27405e+03    2.65037e+02    1.84693e+03
     Coulomb-14        LJ (SR)  Disper. corr.   Coulomb (SR)   Coul. recip.
    2.22564e+04    4.09637e+04   -2.27330e+03   -4.01953e+05    1.30168e+03
 Position Rest.      Potential    Kinetic En.   Total Energy  Conserved En.
    4.81139e+02   -3.26615e+05    6.10121e+04   -2.65602e+05   -3.19174e+05
    Temperature Pres. DC (bar) Pressure (bar)   Constr. rmsd
    2.98617e+02   -1.53528e+02   -9.09073e+02    2.99152e-06

           Step           Time
         282000      564.00000

   Energies (kJ/mol)
           Bond          Angle    Proper Dih. Per. Imp. Dih.          LJ-14
    1.50061e+03    3.99546e+03    5.25577e+03    2.60574e+02    1.85070e+03
     Coulomb-14        LJ (SR)  Disper. corr.   Coulomb (SR)   Coul. recip.
    2.22049e+04    4.02571e+04   -2.27330e+03   -4.00344e+05    1.36995e+03
 Position Rest.      Potential    Kinetic En.   Total Energy  Conserved En.
    4.98437e+02   -3.25424e+05    6.18644e+04   -2.63560e+05   -3.19180e+05
    Temperature Pres. DC (bar) Pressure (bar)   Constr. rmsd
    3.02789e+02   -1.53528e+02   -7.05328e+02    2.99152e-06

           Step           Time
         283000      566.00000

   Energies (kJ/mol)
           Bond          Angle    Proper Dih. Per. Imp. Dih.          LJ-14
    1.56463e+03    3.61025e+03    5.23252e+03    2.51360e+02    1.84868e+03
     Coulomb-14        LJ (SR)  Disper. corr.   Coulomb (SR)   Coul. recip.
    2.22795e+04    4.18925e+04   -2.27330e+03   -4.03546e+05    1.26935e+03
 Position Rest.      Potential    Kinetic En.   Total Energy  Conserved En.
    4.74373e+02   -3.27396e+05    6.07018e+04   -2.66694e+05   -3.19198e+05
    Temperature Pres. DC (bar) Pressure (bar)   Constr. rmsd
    2.97098e+02   -1.53528e+02   -6.10455e+02    2.99152e-06

           Step           Time
         284000      568.00000

   Energies (kJ/mol)
           Bond          Angle    Proper Dih. Per. Imp. Dih.          LJ-14
    1.54249e+03    3.74692e+03    5.20193e+03    2.68485e+02    1.84345e+03
     Coulomb-14        LJ (SR)  Disper. corr.   Coulomb (SR)   Coul. recip.
    2.21644e+04    4.14912e+04   -2.27330e+03   -4.01043e+05    1.31935e+03
 Position Rest.      Potential    Kinetic En.   Total Energy  Conserved En.
    4.33844e+02   -3.25304e+05    6.13327e+04   -2.63971e+05   -3.19198e+05
    Temperature Pres. DC (bar) Pressure (bar)   Constr. rmsd
    3.00186e+02   -1.53528e+02   -2.25674e+02    2.99152e-06

           Step           Time
         285000      570.00000

   Energies (kJ/mol)
           Bond          Angle    Proper Dih. Per. Imp. Dih.          LJ-14
    1.49445e+03    3.65383e+03    5.16456e+03    2.52902e+02    1.82101e+03
     Coulomb-14        LJ (SR)  Disper. corr.   Coulomb (SR)   Coul. recip.
    2.24390e+04    4.11264e+04   -2.27330e+03   -4.02548e+05    1.23419e+03
 Position Rest.      Potential    Kinetic En.   Total Energy  Conserved En.
    4.31889e+02   -3.27203e+05    6.24588e+04   -2.64744e+05   -3.19227e+05
    Temperature Pres. DC (bar) Pressure (bar)   Constr. rmsd
    3.05698e+02   -1.53528e+02   -5.25959e+02    2.99152e-06

           Step           Time
         286000      572.00000

   Energies (kJ/mol)
           Bond          Angle    Proper Dih. Per. Imp. Dih.          LJ-14
    1.49357e+03    3.76563e+03    5.24078e+03    2.81706e+02    1.86081e+03
     Coulomb-14        LJ (SR)  Disper. corr.   Coulomb (SR)   Coul. recip.
    2.23305e+04    4.08504e+04   -2.27330e+03   -4.00970e+05    1.29784e+03
 Position Rest.      Potential    Kinetic En.   Total Energy  Conserved En.
    5.12115e+02   -3.25610e+05    6.07886e+04   -2.64822e+05   -3.19205e+05
    Temperature Pres. DC (bar) Pressure (bar)   Constr. rmsd
    2.97523e+02   -1.53528e+02   -6.94566e+02    2.99152e-06

           Step           Time
         287000      574.00000

   Energies (kJ/mol)
           Bond          Angle    Proper Dih. Per. Imp. Dih.          LJ-14
    1.37502e+03    3.73550e+03    5.17736e+03    2.28374e+02    1.88087e+03
     Coulomb-14        LJ (SR)  Disper. corr.   Coulomb (SR)   Coul. recip.
    2.24134e+04    4.15034e+04   -2.27330e+03   -4.02826e+05    1.29106e+03
 Position Rest.      Potential    Kinetic En.   Total Energy  Conserved En.
    4.91123e+02   -3.27003e+05    6.06502e+04   -2.66353e+05   -3.19203e+05
    Temperature Pres. DC (bar) Pressure (bar)   Constr. rmsd
    2.96846e+02   -1.53528e+02   -3.49831e+02    2.99152e-06

           Step           Time
         288000      576.00000

   Energies (kJ/mol)
           Bond          Angle    Proper Dih. Per. Imp. Dih.          LJ-14
    1.60919e+03    3.93089e+03    5.24890e+03    2.82349e+02    1.89201e+03
     Coulomb-14        LJ (SR)  Disper. corr.   Coulomb (SR)   Coul. recip.
    2.22640e+04    4.22155e+04   -2.27330e+03   -4.03139e+05    1.31278e+03
 Position Rest.      Potential    Kinetic En.   Total Energy  Conserved En.
    5.01792e+02   -3.26154e+05    6.08845e+04   -2.65270e+05   -3.19185e+05
    Temperature Pres. DC (bar) Pressure (bar)   Constr. rmsd
    2.97993e+02   -1.53528e+02   -4.72023e+02    2.99152e-06

           Step           Time
         289000      578.00000

   Energies (kJ/mol)
           Bond          Angle    Proper Dih. Per. Imp. Dih.          LJ-14
    1.67259e+03    3.81744e+03    5.27457e+03    2.59614e+02    1.82754e+03
     Coulomb-14        LJ (SR)  Disper. corr.   Coulomb (SR)   Coul. recip.
    2.23552e+04    4.18541e+04   -2.27330e+03   -4.02650e+05    1.28548e+03
 Position Rest.      Potential    Kinetic En.   Total Energy  Conserved En.
    4.81145e+02   -3.26096e+05    6.16437e+04   -2.64452e+05   -3.19213e+05
    Temperature Pres. DC (bar) Pressure (bar)   Constr. rmsd
    3.01708e+02   -1.53528e+02   -8.08014e+01    2.99152e-06

           Step           Time
         290000      580.00000

   Energies (kJ/mol)
           Bond          Angle    Proper Dih. Per. Imp. Dih.          LJ-14
    1.48136e+03    3.72693e+03    5.29483e+03    2.66696e+02    1.91123e+03
     Coulomb-14        LJ (SR)  Disper. corr.   Coulomb (SR)   Coul. recip.
    2.24674e+04    4.08166e+04   -2.27330e+03   -4.02083e+05    1.27501e+03
 Position Rest.      Potential    Kinetic En.   Total Energy  Conserved En.
    4.51649e+02   -3.26664e+05    6.11989e+04   -2.65465e+05   -3.19210e+05
    Temperature Pres. DC (bar) Pressure (bar)   Constr. rmsd
    2.99532e+02   -1.53528e+02   -5.35001e+02    2.99152e-06

           Step           Time
         291000      582.00000

   Energies (kJ/mol)
           Bond          Angle    Proper Dih. Per. Imp. Dih.          LJ-14
    1.61665e+03    3.78568e+03    5.22113e+03    2.56939e+02    1.89628e+03
     Coulomb-14        LJ (SR)  Disper. corr.   Coulomb (SR)   Coul. recip.
    2.23267e+04    4.12210e+04   -2.27330e+03   -4.02243e+05    1.38994e+03
 Position Rest.      Potential    Kinetic En.   Total Energy  Conserved En.
    5.19019e+02   -3.26283e+05    6.13084e+04   -2.64975e+05   -3.19196e+05
    Temperature Pres. DC (bar) Pressure (bar)   Constr. rmsd
    3.00067e+02   -1.53528e+02   -4.32027e+02    2.99152e-06

           Step           Time
         292000      584.00000

   Energies (kJ/mol)
           Bond          Angle    Proper Dih. Per. Imp. Dih.          LJ-14
    1.44774e+03    3.67600e+03    5.27152e+03    2.66775e+02    1.86367e+03
     Coulomb-14        LJ (SR)  Disper. corr.   Coulomb (SR)   Coul. recip.
    2.23275e+04    4.17435e+04   -2.27330e+03   -4.03307e+05    1.31265e+03
 Position Rest.      Potential    Kinetic En.   Total Energy  Conserved En.
    4.55645e+02   -3.27216e+05    6.09568e+04   -2.66259e+05   -3.19218e+05
    Temperature Pres. DC (bar) Pressure (bar)   Constr. rmsd
    2.98347e+02   -1.53528e+02   -5.70442e+02    2.99152e-06

           Step           Time
         293000      586.00000

   Energies (kJ/mol)
           Bond          Angle    Proper Dih. Per. Imp. Dih.          LJ-14
    1.40988e+03    3.77944e+03    5.33138e+03    3.23041e+02    1.85066e+03
     Coulomb-14        LJ (SR)  Disper. corr.   Coulomb (SR)   Coul. recip.
    2.23099e+04    4.13290e+04   -2.27330e+03   -4.01339e+05    1.31033e+03
 Position Rest.      Potential    Kinetic En.   Total Energy  Conserved En.
    4.88168e+02   -3.25480e+05    6.14661e+04   -2.64014e+05   -3.19240e+05
    Temperature Pres. DC (bar) Pressure (bar)   Constr. rmsd
    3.00839e+02   -1.53528e+02    1.61691e+02    2.99152e-06

           Step           Time
         294000      588.00000

   Energies (kJ/mol)
           Bond          Angle    Proper Dih. Per. Imp. Dih.          LJ-14
    1.45304e+03    3.80480e+03    5.17761e+03    2.71286e+02    1.85678e+03
     Coulomb-14        LJ (SR)  Disper. corr.   Coulomb (SR)   Coul. recip.
    2.25134e+04    4.13381e+04   -2.27330e+03   -4.02793e+05    1.32651e+03
 Position Rest.      Potential    Kinetic En.   Total Energy  Conserved En.
    4.45234e+02   -3.26879e+05    6.11012e+04   -2.65778e+05   -3.19224e+05
    Temperature Pres. DC (bar) Pressure (bar)   Constr. rmsd
    2.99053e+02   -1.53528e+02   -5.83177e+02    2.99152e-06

           Step           Time
         295000      590.00000

   Energies (kJ/mol)
           Bond          Angle    Proper Dih. Per. Imp. Dih.          LJ-14
    1.48266e+03    3.96372e+03    5.25131e+03    2.63382e+02    1.88669e+03
     Coulomb-14        LJ (SR)  Disper. corr.   Coulomb (SR)   Coul. recip.
    2.25028e+04    4.15271e+04   -2.27330e+03   -4.02043e+05    1.29555e+03
 Position Rest.      Potential    Kinetic En.   Total Energy  Conserved En.
    4.62464e+02   -3.25681e+05    6.13396e+04   -2.64341e+05   -3.19229e+05
    Temperature Pres. DC (bar) Pressure (bar)   Constr. rmsd
    3.00220e+02   -1.53528e+02   -5.35237e+01    2.99152e-06

           Step           Time
         296000      592.00000

   Energies (kJ/mol)
           Bond          Angle    Proper Dih. Per. Imp. Dih.          LJ-14
    1.54181e+03    3.67768e+03    5.20123e+03    2.54054e+02    1.87427e+03
     Coulomb-14        LJ (SR)  Disper. corr.   Coulomb (SR)   Coul. recip.
    2.23704e+04    4.12204e+04   -2.27330e+03   -4.01772e+05    1.32503e+03
 Position Rest.      Potential    Kinetic En.   Total Energy  Conserved En.
    4.87912e+02   -3.26093e+05    6.08542e+04   -2.65239e+05   -3.19243e+05
    Temperature Pres. DC (bar) Pressure (bar)   Constr. rmsd
    2.97844e+02   -1.53528e+02   -5.57869e+02    2.99152e-06

           Step           Time
         297000      594.00000

   Energies (kJ/mol)
           Bond          Angle    Proper Dih. Per. Imp. Dih.          LJ-14
    1.50022e+03    3.72430e+03    5.22699e+03    2.42241e+02    1.78908e+03
     Coulomb-14        LJ (SR)  Disper. corr.   Coulomb (SR)   Coul. recip.
    2.23078e+04    4.15709e+04   -2.27330e+03   -4.02556e+05    1.32267e+03
 Position Rest.      Potential    Kinetic En.   Total Energy  Conserved En.
    5.38800e+02   -3.26607e+05    6.08113e+04   -2.65795e+05   -3.19248e+05
    Temperature Pres. DC (bar) Pressure (bar)   Constr. rmsd
    2.97634e+02   -1.53528e+02   -4.12514e+02    2.99152e-06

           Step           Time
         298000      596.00000

   Energies (kJ/mol)
           Bond          Angle    Proper Dih. Per. Imp. Dih.          LJ-14
    1.55746e+03    3.75731e+03    5.15366e+03    2.50882e+02    1.88510e+03
     Coulomb-14        LJ (SR)  Disper. corr.   Coulomb (SR)   Coul. recip.
    2.24725e+04    4.15283e+04   -2.27330e+03   -4.01100e+05    1.34547e+03
 Position Rest.      Potential    Kinetic En.   Total Energy  Conserved En.
    5.39213e+02   -3.24884e+05    6.11380e+04   -2.63746e+05   -3.19239e+05
    Temperature Pres. DC (bar) Pressure (bar)   Constr. rmsd
    2.99234e+02   -1.53528e+02   -3.95956e+02    2.99152e-06

           Step           Time
         299000      598.00000

   Energies (kJ/mol)
           Bond          Angle    Proper Dih. Per. Imp. Dih.          LJ-14
    1.41292e+03    3.82622e+03    5.18005e+03    2.67352e+02    1.87610e+03
     Coulomb-14        LJ (SR)  Disper. corr.   Coulomb (SR)   Coul. recip.
    2.21780e+04    4.07004e+04   -2.27330e+03   -4.01055e+05    1.29486e+03
 Position Rest.      Potential    Kinetic En.   Total Energy  Conserved En.
    4.67548e+02   -3.26124e+05    6.13170e+04   -2.64807e+05   -3.19260e+05
    Temperature Pres. DC (bar) Pressure (bar)   Constr. rmsd
    3.00110e+02   -1.53528e+02   -5.99624e+02    2.99152e-06

           Step           Time
         300000      600.00000

   Energies (kJ/mol)
           Bond          Angle    Proper Dih. Per. Imp. Dih.          LJ-14
    1.43479e+03    3.67202e+03    5.23886e+03    2.71738e+02    1.83844e+03
     Coulomb-14        LJ (SR)  Disper. corr.   Coulomb (SR)   Coul. recip.
    2.24540e+04    4.03743e+04   -2.27330e+03   -4.00935e+05    1.31796e+03
 Position Rest.      Potential    Kinetic En.   Total Energy  Conserved En.
    4.84171e+02   -3.26122e+05    6.06465e+04   -2.65476e+05   -3.19267e+05
    Temperature Pres. DC (bar) Pressure (bar)   Constr. rmsd
    2.96828e+02   -1.53528e+02   -4.55869e+02    2.99152e-06

           Step           Time
         301000      602.00000

   Energies (kJ/mol)
           Bond          Angle    Proper Dih. Per. Imp. Dih.          LJ-14
    1.55236e+03    3.86516e+03    5.24938e+03    2.48991e+02    1.83433e+03
     Coulomb-14        LJ (SR)  Disper. corr.   Coulomb (SR)   Coul. recip.
    2.22077e+04    4.21104e+04   -2.27330e+03   -4.02349e+05    1.31042e+03
 Position Rest.      Potential    Kinetic En.   Total Energy  Conserved En.
    4.94111e+02   -3.25749e+05    6.12430e+04   -2.64506e+05   -3.19253e+05
    Temperature Pres. DC (bar) Pressure (bar)   Constr. rmsd
    2.99747e+02   -1.53528e+02    1.05081e+01    2.99152e-06

           Step           Time
         302000      604.00000

   Energies (kJ/mol)
           Bond          Angle    Proper Dih. Per. Imp. Dih.          LJ-14
    1.61103e+03    3.68096e+03    5.23463e+03    2.83978e+02    1.83598e+03
     Coulomb-14        LJ (SR)  Disper. corr.   Coulomb (SR)   Coul. recip.
    2.23340e+04    4.08443e+04   -2.27330e+03   -4.01532e+05    1.30918e+03
 Position Rest.      Potential    Kinetic En.   Total Energy  Conserved En.
    5.81649e+02   -3.26089e+05    6.14792e+04   -2.64610e+05   -3.19272e+05
    Temperature Pres. DC (bar) Pressure (bar)   Constr. rmsd
    3.00903e+02   -1.53528e+02   -1.09958e+03    2.99152e-06

           Step           Time
         303000      606.00000

   Energies (kJ/mol)
           Bond          Angle    Proper Dih. Per. Imp. Dih.          LJ-14
    1.47904e+03    3.78278e+03    5.22171e+03    2.55121e+02    1.84908e+03
     Coulomb-14        LJ (SR)  Disper. corr.   Coulomb (SR)   Coul. recip.
    2.22756e+04    4.17240e+04   -2.27330e+03   -4.01901e+05    1.30551e+03
 Position Rest.      Potential    Kinetic En.   Total Energy  Conserved En.
    4.76784e+02   -3.25805e+05    6.15738e+04   -2.64231e+05   -3.19272e+05
    Temperature Pres. DC (bar) Pressure (bar)   Constr. rmsd
    3.01366e+02   -1.53528e+02   -3.21489e+01    2.99152e-06

           Step           Time
         304000      608.00000

   Energies (kJ/mol)
           Bond          Angle    Proper Dih. Per. Imp. Dih.          LJ-14
    1.59176e+03    3.71947e+03    5.26905e+03    3.06806e+02    1.87681e+03
     Coulomb-14        LJ (SR)  Disper. corr.   Coulomb (SR)   Coul. recip.
    2.24508e+04    4.14140e+04   -2.27330e+03   -4.02167e+05    1.35341e+03
 Position Rest.      Potential    Kinetic En.   Total Energy  Conserved En.
    5.58328e+02   -3.25900e+05    6.20166e+04   -2.63883e+05   -3.19261e+05
    Temperature Pres. DC (bar) Pressure (bar)   Constr. rmsd
    3.03533e+02   -1.53528e+02   -9.04106e+02    2.99152e-06

           Step           Time
         305000      610.00000

   Energies (kJ/mol)
           Bond          Angle    Proper Dih. Per. Imp. Dih.          LJ-14
    1.50834e+03    3.66820e+03    5.20865e+03    2.65176e+02    1.86569e+03
     Coulomb-14        LJ (SR)  Disper. corr.   Coulomb (SR)   Coul. recip.
    2.22524e+04    4.17080e+04   -2.27330e+03   -4.02905e+05    1.23859e+03
 Position Rest.      Potential    Kinetic En.   Total Energy  Conserved En.
    5.26301e+02   -3.26937e+05    6.13648e+04   -2.65572e+05   -3.19286e+05
    Temperature Pres. DC (bar) Pressure (bar)   Constr. rmsd
    3.00343e+02   -1.53528e+02   -2.54501e+02    2.99152e-06

           Step           Time
         306000      612.00000

   Energies (kJ/mol)
           Bond          Angle    Proper Dih. Per. Imp. Dih.          LJ-14
    1.59505e+03    3.90604e+03    5.13485e+03    2.73465e+02    1.88958e+03
     Coulomb-14        LJ (SR)  Disper. corr.   Coulomb (SR)   Coul. recip.
    2.24612e+04    4.17714e+04   -2.27330e+03   -4.02261e+05    1.25903e+03
 Position Rest.      Potential    Kinetic En.   Total Energy  Conserved En.
    5.42253e+02   -3.25701e+05    6.19434e+04   -2.63758e+05   -3.19265e+05
    Temperature Pres. DC (bar) Pressure (bar)   Constr. rmsd
    3.03175e+02   -1.53528e+02   -1.23577e+02    2.99152e-06

           Step           Time
         307000      614.00000

   Energies (kJ/mol)
           Bond          Angle    Proper Dih. Per. Imp. Dih.          LJ-14
    1.45430e+03    3.73666e+03    5.29446e+03    2.65634e+02    1.90177e+03
     Coulomb-14        LJ (SR)  Disper. corr.   Coulomb (SR)   Coul. recip.
    2.23706e+04    4.19613e+04   -2.27330e+03   -4.02950e+05    1.29381e+03
 Position Rest.      Potential    Kinetic En.   Total Energy  Conserved En.
    4.79533e+02   -3.26465e+05    6.09362e+04   -2.65529e+05   -3.19276e+05
    Temperature Pres. DC (bar) Pressure (bar)   Constr. rmsd
    2.98246e+02   -1.53528e+02   -4.05252e+02    2.99152e-06

           Step           Time
         308000      616.00000

   Energies (kJ/mol)
           Bond          Angle    Proper Dih. Per. Imp. Dih.          LJ-14
    1.52327e+03    3.64386e+03    5.20119e+03    2.37634e+02    1.87503e+03
     Coulomb-14        LJ (SR)  Disper. corr.   Coulomb (SR)   Coul. recip.
    2.22605e+04    4.03817e+04   -2.27330e+03   -4.01536e+05    1.31363e+03
 Position Rest.      Potential    Kinetic En.   Total Energy  Conserved En.
    4.81972e+02   -3.26890e+05    6.08249e+04   -2.66065e+05   -3.19294e+05
    Temperature Pres. DC (bar) Pressure (bar)   Constr. rmsd
    2.97701e+02   -1.53528e+02   -4.35408e+02    2.99152e-06

           Step           Time
         309000      618.00000

   Energies (kJ/mol)
           Bond          Angle    Proper Dih. Per. Imp. Dih.          LJ-14
    1.44781e+03    3.63196e+03    5.17204e+03    2.54072e+02    1.89548e+03
     Coulomb-14        LJ (SR)  Disper. corr.   Coulomb (SR)   Coul. recip.
    2.24970e+04    4.16783e+04   -2.27330e+03   -4.02263e+05    1.29320e+03
 Position Rest.      Potential    Kinetic En.   Total Energy  Conserved En.
    4.37983e+02   -3.26229e+05    6.03849e+04   -2.65844e+05   -3.19288e+05
    Temperature Pres. DC (bar) Pressure (bar)   Constr. rmsd
    2.95547e+02   -1.53528e+02    4.12356e+02    2.99152e-06

           Step           Time
         310000      620.00000

   Energies (kJ/mol)
           Bond          Angle    Proper Dih. Per. Imp. Dih.          LJ-14
    1.35321e+03    3.81201e+03    5.23892e+03    2.66058e+02    1.85799e+03
     Coulomb-14        LJ (SR)  Disper. corr.   Coulomb (SR)   Coul. recip.
    2.23991e+04    4.24911e+04   -2.27330e+03   -4.03507e+05    1.26139e+03
 Position Rest.      Potential    Kinetic En.   Total Energy  Conserved En.
    4.91408e+02   -3.26609e+05    6.11618e+04   -2.65447e+05   -3.19292e+05
    Temperature Pres. DC (bar) Pressure (bar)   Constr. rmsd
    2.99350e+02   -1.53528e+02   -2.91821e+01    2.99152e-06

           Step           Time
         311000      622.00000

   Energies (kJ/mol)
           Bond          Angle    Proper Dih. Per. Imp. Dih.          LJ-14
    1.57231e+03    3.72459e+03    5.25638e+03    2.48576e+02    1.85126e+03
     Coulomb-14        LJ (SR)  Disper. corr.   Coulomb (SR)   Coul. recip.
    2.21789e+04    4.13069e+04   -2.27330e+03   -4.02378e+05    1.27734e+03
 Position Rest.      Potential    Kinetic En.   Total Energy  Conserved En.
    4.57546e+02   -3.26777e+05    6.18604e+04   -2.64917e+05   -3.19303e+05
    Temperature Pres. DC (bar) Pressure (bar)   Constr. rmsd
    3.02769e+02   -1.53528e+02   -3.53000e+02    2.99152e-06

           Step           Time
         312000      624.00000

   Energies (kJ/mol)
           Bond          Angle    Proper Dih. Per. Imp. Dih.          LJ-14
    1.41989e+03    3.65979e+03    5.21560e+03    2.54317e+02    1.83565e+03
     Coulomb-14        LJ (SR)  Disper. corr.   Coulomb (SR)   Coul. recip.
    2.23115e+04    4.16571e+04   -2.27330e+03   -4.03088e+05    1.29177e+03
 Position Rest.      Potential    Kinetic En.   Total Energy  Conserved En.
    4.93944e+02   -3.27222e+05    6.02107e+04   -2.67011e+05   -3.19295e+05
    Temperature Pres. DC (bar) Pressure (bar)   Constr. rmsd
    2.94695e+02   -1.53528e+02   -5.64108e+02    2.99152e-06

           Step           Time
         313000      626.00000

   Energies (kJ/mol)
           Bond          Angle    Proper Dih. Per. Imp. Dih.          LJ-14
    1.44412e+03    3.86790e+03    5.19242e+03    2.94905e+02    1.80069e+03
     Coulomb-14        LJ (SR)  Disper. corr.   Coulomb (SR)   Coul. recip.
    2.22743e+04    4.18690e+04   -2.27330e+03   -4.02119e+05    1.36066e+03
 Position Rest.      Potential    Kinetic En.   Total Energy  Conserved En.
    5.24359e+02   -3.25764e+05    6.09482e+04   -2.64816e+05   -3.19289e+05
    Temperature Pres. DC (bar) Pressure (bar)   Constr. rmsd
    2.98304e+02   -1.53528e+02   -3.88402e+02    2.99152e-06

           Step           Time
         314000      628.00000

   Energies (kJ/mol)
           Bond          Angle    Proper Dih. Per. Imp. Dih.          LJ-14
    1.53720e+03    3.90573e+03    5.17729e+03    2.57664e+02    1.88626e+03
     Coulomb-14        LJ (SR)  Disper. corr.   Coulomb (SR)   Coul. recip.
    2.22387e+04    4.17786e+04   -2.27330e+03   -4.02466e+05    1.26959e+03
 Position Rest.      Potential    Kinetic En.   Total Energy  Conserved En.
    5.40492e+02   -3.26148e+05    6.11199e+04   -2.65028e+05   -3.19290e+05
    Temperature Pres. DC (bar) Pressure (bar)   Constr. rmsd
    2.99145e+02   -1.53528e+02   -8.83303e+00    2.99152e-06

           Step           Time
         315000      630.00000

   Energies (kJ/mol)
           Bond          Angle    Proper Dih. Per. Imp. Dih.          LJ-14
    1.46108e+03    3.92624e+03    5.22037e+03    2.88605e+02    1.87896e+03
     Coulomb-14        LJ (SR)  Disper. corr.   Coulomb (SR)   Coul. recip.
    2.25290e+04    4.16202e+04   -2.27330e+03   -4.03050e+05    1.24636e+03
 Position Rest.      Potential    Kinetic En.   Total Energy  Conserved En.
    5.15303e+02   -3.26638e+05    6.09344e+04   -2.65703e+05   -3.19280e+05
    Temperature Pres. DC (bar) Pressure (bar)   Constr. rmsd
    2.98237e+02   -1.53528e+02    8.76264e+01    2.99152e-06

           Step           Time
         316000      632.00000

   Energies (kJ/mol)
           Bond          Angle    Proper Dih. Per. Imp. Dih.          LJ-14
    1.54992e+03    3.75820e+03    5.28406e+03    3.08373e+02    1.78551e+03
     Coulomb-14        LJ (SR)  Disper. corr.   Coulomb (SR)   Coul. recip.
    2.22366e+04    4.09398e+04   -2.27330e+03   -4.01547e+05    1.35858e+03
 Position Rest.      Potential    Kinetic En.   Total Energy  Conserved En.
    4.94999e+02   -3.26104e+05    6.15891e+04   -2.64515e+05   -3.19321e+05
    Temperature Pres. DC (bar) Pressure (bar)   Constr. rmsd
    3.01441e+02   -1.53528e+02   -8.28904e+02    2.99152e-06

           Step           Time
         317000      634.00000

   Energies (kJ/mol)
           Bond          Angle    Proper Dih. Per. Imp. Dih.          LJ-14
    1.54564e+03    3.83197e+03    5.31252e+03    3.17635e+02    1.82337e+03
     Coulomb-14        LJ (SR)  Disper. corr.   Coulomb (SR)   Coul. recip.
    2.21153e+04    4.09281e+04   -2.27330e+03   -4.01945e+05    1.25677e+03
 Position Rest.      Potential    Kinetic En.   Total Energy  Conserved En.
    4.82292e+02   -3.26605e+05    6.13976e+04   -2.65207e+05   -3.19312e+05
    Temperature Pres. DC (bar) Pressure (bar)   Constr. rmsd
    3.00504e+02   -1.53528e+02   -1.07330e+03    2.99152e-06

           Step           Time
         318000      636.00000

   Energies (kJ/mol)
           Bond          Angle    Proper Dih. Per. Imp. Dih.          LJ-14
    1.59225e+03    3.88554e+03    5.21810e+03    2.61971e+02    1.81882e+03
     Coulomb-14        LJ (SR)  Disper. corr.   Coulomb (SR)   Coul. recip.
    2.22390e+04    4.17154e+04   -2.27330e+03   -4.01699e+05    1.36798e+03
 Position Rest.      Potential    Kinetic En.   Total Energy  Conserved En.
    4.68019e+02   -3.25405e+05    6.21694e+04   -2.63236e+05   -3.19311e+05
    Temperature Pres. DC (bar) Pressure (bar)   Constr. rmsd
    3.04282e+02   -1.53528e+02   -7.92681e+01    2.99152e-06

           Step           Time
         319000      638.00000

   Energies (kJ/mol)
           Bond          Angle    Proper Dih. Per. Imp. Dih.          LJ-14
    1.58313e+03    3.80438e+03    5.26249e+03    2.58423e+02    1.86052e+03
     Coulomb-14        LJ (SR)  Disper. corr.   Coulomb (SR)   Coul. recip.
    2.23241e+04    4.07212e+04   -2.27330e+03   -4.01347e+05    1.31745e+03
 Position Rest.      Potential    Kinetic En.   Total Energy  Conserved En.
    4.86043e+02   -3.26003e+05    6.11319e+04   -2.64871e+05   -3.19310e+05
    Temperature Pres. DC (bar) Pressure (bar)   Constr. rmsd
    2.99204e+02   -1.53528e+02   -4.36067e+02    2.99152e-06

           Step           Time
         320000      640.00000

   Energies (kJ/mol)
           Bond          Angle    Proper Dih. Per. Imp. Dih.          LJ-14
    1.51981e+03    3.89382e+03    5.24008e+03    2.52086e+02    1.88407e+03
     Coulomb-14        LJ (SR)  Disper. corr.   Coulomb (SR)   Coul. recip.
    2.23789e+04    4.09400e+04   -2.27330e+03   -4.01360e+05    1.26959e+03
 Position Rest.      Potential    Kinetic En.   Total Energy  Conserved En.
    5.06950e+02   -3.25748e+05    6.16690e+04   -2.64079e+05   -3.19316e+05
    Temperature Pres. DC (bar) Pressure (bar)   Constr. rmsd
    3.01832e+02   -1.53528e+02   -4.97947e+02    2.99152e-06

           Step           Time
         321000      642.00000

   Energies (kJ/mol)
           Bond          Angle    Proper Dih. Per. Imp. Dih.          LJ-14
    1.47516e+03    3.75045e+03    5.21750e+03    2.87124e+02    1.85523e+03
     Coulomb-14        LJ (SR)  Disper. corr.   Coulomb (SR)   Coul. recip.
    2.22402e+04    4.14897e+04   -2.27330e+03   -4.02457e+05    1.34462e+03
 Position Rest.      Potential    Kinetic En.   Total Energy  Conserved En.
    5.18255e+02   -3.26552e+05    6.11948e+04   -2.65357e+05   -3.19336e+05
    Temperature Pres. DC (bar) Pressure (bar)   Constr. rmsd
    2.99511e+02   -1.53528e+02    2.57824e+02    2.99152e-06

           Step           Time
         322000      644.00000

   Energies (kJ/mol)
           Bond          Angle    Proper Dih. Per. Imp. Dih.          LJ-14
    1.49061e+03    3.69683e+03    5.22491e+03    3.03235e+02    1.86159e+03
     Coulomb-14        LJ (SR)  Disper. corr.   Coulomb (SR)   Coul. recip.
    2.22413e+04    4.12146e+04   -2.27330e+03   -4.01577e+05    1.27506e+03
 Position Rest.      Potential    Kinetic En.   Total Energy  Conserved En.
    5.04065e+02   -3.26038e+05    6.10396e+04   -2.64999e+05   -3.19346e+05
    Temperature Pres. DC (bar) Pressure (bar)   Constr. rmsd
    2.98752e+02   -1.53528e+02   -4.31979e+02    2.99152e-06

           Step           Time
         323000      646.00000

   Energies (kJ/mol)
           Bond          Angle    Proper Dih. Per. Imp. Dih.          LJ-14
    1.57464e+03    3.86843e+03    5.21739e+03    2.69622e+02    1.84932e+03
     Coulomb-14        LJ (SR)  Disper. corr.   Coulomb (SR)   Coul. recip.
    2.22468e+04    4.14810e+04   -2.27330e+03   -4.01722e+05    1.30360e+03
 Position Rest.      Potential    Kinetic En.   Total Energy  Conserved En.
    5.30191e+02   -3.25654e+05    6.14547e+04   -2.64200e+05   -3.19324e+05
    Temperature Pres. DC (bar) Pressure (bar)   Constr. rmsd
    3.00783e+02   -1.53528e+02   -3.12144e+02    2.99152e-06

           Step           Time
         324000      648.00000

   Energies (kJ/mol)
           Bond          Angle    Proper Dih. Per. Imp. Dih.          LJ-14
    1.61217e+03    3.70539e+03    5.24922e+03    2.47499e+02    1.84523e+03
     Coulomb-14        LJ (SR)  Disper. corr.   Coulomb (SR)   Coul. recip.
    2.22863e+04    4.17190e+04   -2.27330e+03   -4.01894e+05    1.26213e+03
 Position Rest.      Potential    Kinetic En.   Total Energy  Conserved En.
    5.50496e+02   -3.25690e+05    6.00503e+04   -2.65640e+05   -3.19324e+05
    Temperature Pres. DC (bar) Pressure (bar)   Constr. rmsd
    2.93910e+02   -1.53528e+02   -2.66004e+02    2.99152e-06

           Step           Time
         325000      650.00000

   Energies (kJ/mol)
           Bond          Angle    Proper Dih. Per. Imp. Dih.          LJ-14
    1.40063e+03    3.76534e+03    5.22549e+03    2.49353e+02    1.87885e+03
     Coulomb-14        LJ (SR)  Disper. corr.   Coulomb (SR)   Coul. recip.
    2.23062e+04    4.12576e+04   -2.27330e+03   -4.02542e+05    1.32178e+03
 Position Rest.      Potential    Kinetic En.   Total Energy  Conserved En.
    5.13750e+02   -3.26897e+05    6.19503e+04   -2.64946e+05   -3.19351e+05
    Temperature Pres. DC (bar) Pressure (bar)   Constr. rmsd
    3.03209e+02   -1.53528e+02    1.28621e+02    2.99152e-06

           Step           Time
         326000      652.00000

   Energies (kJ/mol)
           Bond          Angle    Proper Dih. Per. Imp. Dih.          LJ-14
    1.53133e+03    3.79975e+03    5.27657e+03    2.56676e+02    1.83511e+03
     Coulomb-14        LJ (SR)  Disper. corr.   Coulomb (SR)   Coul. recip.
    2.22377e+04    4.07494e+04   -2.27330e+03   -4.01008e+05    1.31130e+03
 Position Rest.      Potential    Kinetic En.   Total Energy  Conserved En.
    4.84146e+02   -3.25799e+05    6.21092e+04   -2.63690e+05   -3.19340e+05
    Temperature Pres. DC (bar) Pressure (bar)   Constr. rmsd
    3.03987e+02   -1.53528e+02   -4.66702e+02    2.99152e-06

           Step           Time
         327000      654.00000

   Energies (kJ/mol)
           Bond          Angle    Proper Dih. Per. Imp. Dih.          LJ-14
    1.41203e+03    3.81150e+03    5.27638e+03    2.83426e+02    1.94989e+03
     Coulomb-14        LJ (SR)  Disper. corr.   Coulomb (SR)   Coul. recip.
    2.24210e+04    4.15769e+04   -2.27330e+03   -4.02183e+05    1.31934e+03
 Position Rest.      Potential    Kinetic En.   Total Energy  Conserved En.
    4.66360e+02   -3.25940e+05    6.11831e+04   -2.64757e+05   -3.19332e+05
    Temperature Pres. DC (bar) Pressure (bar)   Constr. rmsd
    2.99454e+02   -1.53528e+02   -1.96983e+02    2.99152e-06

           Step           Time
         328000      656.00000

   Energies (kJ/mol)
           Bond          Angle    Proper Dih. Per. Imp. Dih.          LJ-14
    1.41576e+03    3.91862e+03    5.28342e+03    2.59566e+02    1.85778e+03
     Coulomb-14        LJ (SR)  Disper. corr.   Coulomb (SR)   Coul. recip.
    2.23059e+04    4.18877e+04   -2.27330e+03   -4.02562e+05    1.26110e+03
 Position Rest.      Potential    Kinetic En.   Total Energy  Conserved En.
    5.57853e+02   -3.26087e+05    6.11681e+04   -2.64919e+05   -3.19340e+05
    Temperature Pres. DC (bar) Pressure (bar)   Constr. rmsd
    2.99381e+02   -1.53528e+02   -8.52515e+02    2.99152e-06

           Step           Time
         329000      658.00000

   Energies (kJ/mol)
           Bond          Angle    Proper Dih. Per. Imp. Dih.          LJ-14
    1.46087e+03    3.74069e+03    5.18075e+03    2.78547e+02    1.80939e+03
     Coulomb-14        LJ (SR)  Disper. corr.   Coulomb (SR)   Coul. recip.
    2.21538e+04    4.14523e+04   -2.27330e+03   -4.02422e+05    1.31496e+03
 Position Rest.      Potential    Kinetic En.   Total Energy  Conserved En.
    5.09928e+02   -3.26794e+05    6.10564e+04   -2.65738e+05   -3.19355e+05
    Temperature Pres. DC (bar) Pressure (bar)   Constr. rmsd
    2.98834e+02   -1.53528e+02   -3.38192e+02    2.99152e-06

           Step           Time
         330000      660.00000

   Energies (kJ/mol)
           Bond          Angle    Proper Dih. Per. Imp. Dih.          LJ-14
    1.49475e+03    3.85990e+03    5.26898e+03    2.92710e+02    1.84356e+03
     Coulomb-14        LJ (SR)  Disper. corr.   Coulomb (SR)   Coul. recip.
    2.23872e+04    4.15655e+04   -2.27330e+03   -4.02072e+05    1.32975e+03
 Position Rest.      Potential    Kinetic En.   Total Energy  Conserved En.
    5.27370e+02   -3.25775e+05    6.16901e+04   -2.64085e+05   -3.19358e+05
    Temperature Pres. DC (bar) Pressure (bar)   Constr. rmsd
    3.01935e+02   -1.53528e+02   -2.97112e+02    2.99152e-06

           Step           Time
         331000      662.00000

   Energies (kJ/mol)
           Bond          Angle    Proper Dih. Per. Imp. Dih.          LJ-14
    1.53587e+03    3.91737e+03    5.28297e+03    2.58700e+02    1.84436e+03
     Coulomb-14        LJ (SR)  Disper. corr.   Coulomb (SR)   Coul. recip.
    2.22290e+04    4.15051e+04   -2.27330e+03   -4.01667e+05    1.26851e+03
 Position Rest.      Potential    Kinetic En.   Total Energy  Conserved En.
    4.66124e+02   -3.25633e+05    6.19986e+04   -2.63634e+05   -3.19345e+05
    Temperature Pres. DC (bar) Pressure (bar)   Constr. rmsd
    3.03445e+02   -1.53528e+02   -3.28726e+02    2.99152e-06

           Step           Time
         332000      664.00000

   Energies (kJ/mol)
           Bond          Angle    Proper Dih. Per. Imp. Dih.          LJ-14
    1.48636e+03    3.71945e+03    5.19426e+03    2.77429e+02    1.85885e+03
     Coulomb-14        LJ (SR)  Disper. corr.   Coulomb (SR)   Coul. recip.
    2.22911e+04    4.04115e+04   -2.27330e+03   -4.01164e+05    1.25637e+03
 Position Rest.      Potential    Kinetic En.   Total Energy  Conserved En.
    5.58431e+02   -3.26383e+05    6.10371e+04   -2.65346e+05   -3.19359e+05
    Temperature Pres. DC (bar) Pressure (bar)   Constr. rmsd
    2.98739e+02   -1.53528e+02   -1.87930e+02    2.99152e-06

           Step           Time
         333000      666.00000

   Energies (kJ/mol)
           Bond          Angle    Proper Dih. Per. Imp. Dih.          LJ-14
    1.44132e+03    3.65246e+03    5.30886e+03    2.60335e+02    1.86249e+03
     Coulomb-14        LJ (SR)  Disper. corr.   Coulomb (SR)   Coul. recip.
    2.22674e+04    4.19589e+04   -2.27330e+03   -4.02491e+05    1.25424e+03
 Position Rest.      Potential    Kinetic En.   Total Energy  Conserved En.
    4.55127e+02   -3.26304e+05    6.07908e+04   -2.65513e+05   -3.19378e+05
    Temperature Pres. DC (bar) Pressure (bar)   Constr. rmsd
    2.97534e+02   -1.53528e+02   -4.88250e+02    2.99152e-06

           Step           Time
         334000      668.00000

   Energies (kJ/mol)
           Bond          Angle    Proper Dih. Per. Imp. Dih.          LJ-14
    1.43632e+03    3.79508e+03    5.23243e+03    2.87057e+02    1.87023e+03
     Coulomb-14        LJ (SR)  Disper. corr.   Coulomb (SR)   Coul. recip.
    2.21710e+04    4.13704e+04   -2.27330e+03   -4.02044e+05    1.26075e+03
 Position Rest.      Potential    Kinetic En.   Total Energy  Conserved En.
    5.21039e+02   -3.26373e+05    6.15574e+04   -2.64815e+05   -3.19379e+05
    Temperature Pres. DC (bar) Pressure (bar)   Constr. rmsd
    3.01286e+02   -1.53528e+02   -6.78578e+02    2.99152e-06

           Step           Time
         335000      670.00000

   Energies (kJ/mol)
           Bond          Angle    Proper Dih. Per. Imp. Dih.          LJ-14
    1.55063e+03    3.84472e+03    5.16319e+03    2.85570e+02    1.80615e+03
     Coulomb-14        LJ (SR)  Disper. corr.   Coulomb (SR)   Coul. recip.
    2.22282e+04    4.19854e+04   -2.27330e+03   -4.02913e+05    1.28166e+03
 Position Rest.      Potential    Kinetic En.   Total Energy  Conserved En.
    4.73683e+02   -3.26567e+05    6.16453e+04   -2.64921e+05   -3.19366e+05
    Temperature Pres. DC (bar) Pressure (bar)   Constr. rmsd
    3.01716e+02   -1.53528e+02   -3.15313e+02    2.99152e-06

           Step           Time
         336000      672.00000

   Energies (kJ/mol)
           Bond          Angle    Proper Dih. Per. Imp. Dih.          LJ-14
    1.47705e+03    3.91811e+03    5.21741e+03    2.57212e+02    1.83569e+03
     Coulomb-14        LJ (SR)  Disper. corr.   Coulomb (SR)   Coul. recip.
    2.22856e+04    4.07689e+04   -2.27330e+03   -4.01189e+05    1.32692e+03
 Position Rest.      Potential    Kinetic En.   Total Energy  Conserved En.
    4.54501e+02   -3.25921e+05    6.12773e+04   -2.64644e+05   -3.19370e+05
    Temperature Pres. DC (bar) Pressure (bar)   Constr. rmsd
    2.99915e+02   -1.53528e+02   -9.81177e+01    2.99152e-06

           Step           Time
         337000      674.00000

   Energies (kJ/mol)
           Bond          Angle    Proper Dih. Per. Imp. Dih.          LJ-14
    1.60960e+03    3.64296e+03    5.26146e+03    2.58459e+02    1.81585e+03
     Coulomb-14        LJ (SR)  Disper. corr.   Coulomb (SR)   Coul. recip.
    2.22315e+04    4.20053e+04   -2.27330e+03   -4.03146e+05    1.41145e+03
 Position Rest.      Potential    Kinetic En.   Total Energy  Conserved En.
    4.70183e+02   -3.26712e+05    6.09382e+04   -2.65774e+05   -3.19368e+05
    Temperature Pres. DC (bar) Pressure (bar)   Constr. rmsd
    2.98255e+02   -1.53528e+02   -4.90023e+02    2.99152e-06

           Step           Time
         338000      676.00000

   Energies (kJ/mol)
           Bond          Angle    Proper Dih. Per. Imp. Dih.          LJ-14
    1.59615e+03    3.87494e+03    5.20798e+03    3.00529e+02    1.84136e+03
     Coulomb-14        LJ (SR)  Disper. corr.   Coulomb (SR)   Coul. recip.
    2.23143e+04    4.13723e+04   -2.27330e+03   -4.01051e+05    1.36358e+03
 Position Rest.      Potential    Kinetic En.   Total Energy  Conserved En.
    5.13878e+02   -3.24939e+05    6.16654e+04   -2.63274e+05   -3.19380e+05
    Temperature Pres. DC (bar) Pressure (bar)   Constr. rmsd
    3.01815e+02   -1.53528e+02   -6.66430e+02    2.99152e-06

           Step           Time
         339000      678.00000

   Energies (kJ/mol)
           Bond          Angle    Proper Dih. Per. Imp. Dih.          LJ-14
    1.59997e+03    3.76811e+03    5.20196e+03    2.63133e+02    1.81192e+03
     Coulomb-14        LJ (SR)  Disper. corr.   Coulomb (SR)   Coul. recip.
    2.22089e+04    4.18175e+04   -2.27330e+03   -4.01840e+05    1.28720e+03
 Position Rest.      Potential    Kinetic En.   Total Energy  Conserved En.
    5.38662e+02   -3.25616e+05    6.16612e+04   -2.63955e+05   -3.19377e+05
    Temperature Pres. DC (bar) Pressure (bar)   Constr. rmsd
    3.01794e+02   -1.53528e+02   -6.38234e+02    2.99152e-06

           Step           Time
         340000      680.00000

   Energies (kJ/mol)
           Bond          Angle    Proper Dih. Per. Imp. Dih.          LJ-14
    1.56624e+03    3.75968e+03    5.29678e+03    2.74149e+02    1.82392e+03
     Coulomb-14        LJ (SR)  Disper. corr.   Coulomb (SR)   Coul. recip.
    2.22885e+04    4.13870e+04   -2.27330e+03   -4.02046e+05    1.27438e+03
 Position Rest.      Potential    Kinetic En.   Total Energy  Conserved En.
    5.13053e+02   -3.26136e+05    6.12824e+04   -2.64853e+05   -3.19367e+05
    Temperature Pres. DC (bar) Pressure (bar)   Constr. rmsd
    2.99940e+02   -1.53528e+02   -6.10000e+02    2.99152e-06

           Step           Time
         341000      682.00000

   Energies (kJ/mol)
           Bond          Angle    Proper Dih. Per. Imp. Dih.          LJ-14
    1.49252e+03    3.74928e+03    5.24214e+03    2.78013e+02    1.80977e+03
     Coulomb-14        LJ (SR)  Disper. corr.   Coulomb (SR)   Coul. recip.
    2.22490e+04    4.25267e+04   -2.27330e+03   -4.03612e+05    1.32928e+03
 Position Rest.      Potential    Kinetic En.   Total Energy  Conserved En.
    4.84137e+02   -3.26725e+05    6.17718e+04   -2.64953e+05   -3.19384e+05
    Temperature Pres. DC (bar) Pressure (bar)   Constr. rmsd
    3.02335e+02   -1.53528e+02   -3.50739e+02    2.99152e-06

           Step           Time
         342000      684.00000

   Energies (kJ/mol)
           Bond          Angle    Proper Dih. Per. Imp. Dih.          LJ-14
    1.44272e+03    3.87064e+03    5.29552e+03    2.45732e+02    1.87778e+03
     Coulomb-14        LJ (SR)  Disper. corr.   Coulomb (SR)   Coul. recip.
    2.23311e+04    4.15776e+04   -2.27330e+03   -4.02454e+05    1.30516e+03
 Position Rest.      Potential    Kinetic En.   Total Energy  Conserved En.
    5.09312e+02   -3.26272e+05    6.13521e+04   -2.64920e+05   -3.19385e+05
    Temperature Pres. DC (bar) Pressure (bar)   Constr. rmsd
    3.00281e+02   -1.53528e+02   -7.48854e+02    2.99152e-06

           Step           Time
         343000      686.00000

   Energies (kJ/mol)
           Bond          Angle    Proper Dih. Per. Imp. Dih.          LJ-14
    1.44025e+03    3.77699e+03    5.24099e+03    2.93421e+02    1.82706e+03
     Coulomb-14        LJ (SR)  Disper. corr.   Coulomb (SR)   Coul. recip.
    2.23028e+04    4.17886e+04   -2.27330e+03   -4.02786e+05    1.30817e+03
 Position Rest.      Potential    Kinetic En.   Total Energy  Conserved En.
    4.84746e+02   -3.26596e+05    6.21111e+04   -2.64485e+05   -3.19401e+05
    Temperature Pres. DC (bar) Pressure (bar)   Constr. rmsd
    3.03996e+02   -1.53528e+02   -4.89884e+02    2.99152e-06

           Step           Time
         344000      688.00000

   Energies (kJ/mol)
           Bond          Angle    Proper Dih. Per. Imp. Dih.          LJ-14
    1.53496e+03    3.83760e+03    5.24742e+03    2.38225e+02    1.81246e+03
     Coulomb-14        LJ (SR)  Disper. corr.   Coulomb (SR)   Coul. recip.
    2.23732e+04    4.19167e+04   -2.27330e+03   -4.02717e+05    1.33275e+03
 Position Rest.      Potential    Kinetic En.   Total Energy  Conserved En.
    5.13752e+02   -3.26183e+05    6.17923e+04   -2.64391e+05   -3.19401e+05
    Temperature Pres. DC (bar) Pressure (bar)   Constr. rmsd
    3.02436e+02   -1.53528e+02   -5.28968e+02    2.99152e-06

           Step           Time
         345000      690.00000

   Energies (kJ/mol)
           Bond          Angle    Proper Dih. Per. Imp. Dih.          LJ-14
    1.49443e+03    3.70556e+03    5.29556e+03    2.57945e+02    1.91513e+03
     Coulomb-14        LJ (SR)  Disper. corr.   Coulomb (SR)   Coul. recip.
    2.23278e+04    4.09389e+04   -2.27330e+03   -4.01739e+05    1.29738e+03
 Position Rest.      Potential    Kinetic En.   Total Energy  Conserved En.
    5.07197e+02   -3.26272e+05    6.08287e+04   -2.65444e+05   -3.19390e+05
    Temperature Pres. DC (bar) Pressure (bar)   Constr. rmsd
    2.97719e+02   -1.53528e+02   -6.22114e+02    2.99152e-06

           Step           Time
         346000      692.00000

   Energies (kJ/mol)
           Bond          Angle    Proper Dih. Per. Imp. Dih.          LJ-14
    1.54288e+03    3.57179e+03    5.32702e+03    2.86130e+02    1.86106e+03
     Coulomb-14        LJ (SR)  Disper. corr.   Coulomb (SR)   Coul. recip.
    2.23666e+04    4.07992e+04   -2.27330e+03   -4.02133e+05    1.33319e+03
 Position Rest.      Potential    Kinetic En.   Total Energy  Conserved En.
    5.53232e+02   -3.26765e+05    6.14704e+04   -2.65295e+05   -3.19413e+05
    Temperature Pres. DC (bar) Pressure (bar)   Constr. rmsd
    3.00860e+02   -1.53528e+02   -7.76529e+02    2.99152e-06

           Step           Time
         347000      694.00000

   Energies (kJ/mol)
           Bond          Angle    Proper Dih. Per. Imp. Dih.          LJ-14
    1.51258e+03    3.65880e+03    5.24696e+03    2.72913e+02    1.90723e+03
     Coulomb-14        LJ (SR)  Disper. corr.   Coulomb (SR)   Coul. recip.
    2.24789e+04    4.20854e+04   -2.27330e+03   -4.02334e+05    1.33085e+03
 Position Rest.      Potential    Kinetic En.   Total Energy  Conserved En.
    4.94508e+02   -3.25619e+05    6.13706e+04   -2.64249e+05   -3.19401e+05
    Temperature Pres. DC (bar) Pressure (bar)   Constr. rmsd
    3.00372e+02   -1.53528e+02   -3.41684e+02    2.99152e-06

           Step           Time
         348000      696.00000

   Energies (kJ/mol)
           Bond          Angle    Proper Dih. Per. Imp. Dih.          LJ-14
    1.53444e+03    3.93720e+03    5.17828e+03    2.87440e+02    1.79010e+03
     Coulomb-14        LJ (SR)  Disper. corr.   Coulomb (SR)   Coul. recip.
    2.22492e+04    4.15451e+04   -2.27330e+03   -4.02594e+05    1.27253e+03
 Position Rest.      Potential    Kinetic En.   Total Energy  Conserved En.
    5.16305e+02   -3.26557e+05    6.15975e+04   -2.64959e+05   -3.19413e+05
    Temperature Pres. DC (bar) Pressure (bar)   Constr. rmsd
    3.01483e+02   -1.53528e+02   -7.76622e+02    2.99152e-06

           Step           Time
         349000      698.00000

   Energies (kJ/mol)
           Bond          Angle    Proper Dih. Per. Imp. Dih.          LJ-14
    1.56330e+03    3.61497e+03    5.19833e+03    2.71408e+02    1.82837e+03
     Coulomb-14        LJ (SR)  Disper. corr.   Coulomb (SR)   Coul. recip.
    2.22471e+04    4.08456e+04   -2.27330e+03   -4.02304e+05    1.31092e+03
 Position Rest.      Potential    Kinetic En.   Total Energy  Conserved En.
    4.77689e+02   -3.27219e+05    6.09871e+04   -2.66232e+05   -3.19424e+05
    Temperature Pres. DC (bar) Pressure (bar)   Constr. rmsd
    2.98495e+02   -1.53528e+02   -7.72172e+02    2.99152e-06

           Step           Time
         350000      700.00000

   Energies (kJ/mol)
           Bond          Angle    Proper Dih. Per. Imp. Dih.          LJ-14
    1.62319e+03    3.72368e+03    5.25211e+03    2.84480e+02    1.89243e+03
     Coulomb-14        LJ (SR)  Disper. corr.   Coulomb (SR)   Coul. recip.
    2.22547e+04    4.15704e+04   -2.27330e+03   -4.01939e+05    1.31972e+03
 Position Rest.      Potential    Kinetic En.   Total Energy  Conserved En.
    4.92033e+02   -3.25799e+05    6.16445e+04   -2.64155e+05   -3.19407e+05
    Temperature Pres. DC (bar) Pressure (bar)   Constr. rmsd
    3.01712e+02   -1.53528e+02   -4.15751e+02    2.99152e-06

           Step           Time
         351000      702.00000

   Energies (kJ/mol)
           Bond          Angle    Proper Dih. Per. Imp. Dih.          LJ-14
    1.56916e+03    3.80427e+03    5.25939e+03    2.54880e+02    1.88507e+03
     Coulomb-14        LJ (SR)  Disper. corr.   Coulomb (SR)   Coul. recip.
    2.22330e+04    4.17185e+04   -2.27330e+03   -4.01892e+05    1.33524e+03
 Position Rest.      Potential    Kinetic En.   Total Energy  Conserved En.
    4.97736e+02   -3.25608e+05    6.11729e+04   -2.64435e+05   -3.19430e+05
    Temperature Pres. DC (bar) Pressure (bar)   Constr. rmsd
    2.99404e+02   -1.53528e+02   -2.51296e+02    2.99152e-06

           Step           Time
         352000      704.00000

   Energies (kJ/mol)
           Bond          Angle    Proper Dih. Per. Imp. Dih.          LJ-14
    1.55584e+03    3.65333e+03    5.30873e+03    2.65313e+02    1.83854e+03
     Coulomb-14        LJ (SR)  Disper. corr.   Coulomb (SR)   Coul. recip.
    2.25831e+04    4.20191e+04   -2.27330e+03   -4.03274e+05    1.33746e+03
 Position Rest.      Potential    Kinetic En.   Total Energy  Conserved En.
    5.36801e+02   -3.26449e+05    6.16285e+04   -2.64821e+05   -3.19411e+05
    Temperature Pres. DC (bar) Pressure (bar)   Constr. rmsd
    3.01634e+02   -1.53528e+02   -1.25782e+02    2.99152e-06

           Step           Time
         353000      706.00000

   Energies (kJ/mol)
           Bond          Angle    Proper Dih. Per. Imp. Dih.          LJ-14
    1.50772e+03    3.61978e+03    5.23491e+03    2.74584e+02    1.83452e+03
     Coulomb-14        LJ (SR)  Disper. corr.   Coulomb (SR)   Coul. recip.
    2.22568e+04    4.14198e+04   -2.27330e+03   -4.02416e+05    1.30061e+03
 Position Rest.      Potential    Kinetic En.   Total Energy  Conserved En.
    5.21529e+02   -3.26719e+05    6.08202e+04   -2.65898e+05   -3.19415e+05
    Temperature Pres. DC (bar) Pressure (bar)   Constr. rmsd
    2.97678e+02   -1.53528e+02   -7.65432e+02    2.99152e-06

           Step           Time
         354000      708.00000

   Energies (kJ/mol)
           Bond          Angle    Proper Dih. Per. Imp. Dih.          LJ-14
    1.55818e+03    3.77526e+03    5.24673e+03    3.05096e+02    1.78946e+03
     Coulomb-14        LJ (SR)  Disper. corr.   Coulomb (SR)   Coul. recip.
    2.22310e+04    4.14045e+04   -2.27330e+03   -4.01821e+05    1.29787e+03
 Position Rest.      Potential    Kinetic En.   Total Energy  Conserved En.
    5.38297e+02   -3.25948e+05    6.19885e+04   -2.63960e+05   -3.19411e+05
    Temperature Pres. DC (bar) Pressure (bar)   Constr. rmsd
    3.03396e+02   -1.53528e+02   -2.50662e+02    2.99152e-06

           Step           Time
         355000      710.00000

   Energies (kJ/mol)
           Bond          Angle    Proper Dih. Per. Imp. Dih.          LJ-14
    1.45732e+03    3.77281e+03    5.17586e+03    2.60802e+02    1.89954e+03
     Coulomb-14        LJ (SR)  Disper. corr.   Coulomb (SR)   Coul. recip.
    2.24454e+04    4.30616e+04   -2.27330e+03   -4.04466e+05    1.28367e+03
 Position Rest.      Potential    Kinetic En.   Total Energy  Conserved En.
    4.76617e+02   -3.26906e+05    6.15738e+04   -2.65332e+05   -3.19424e+05
    Temperature Pres. DC (bar) Pressure (bar)   Constr. rmsd
    3.01367e+02   -1.53528e+02   -1.83782e+02    2.99152e-06

           Step           Time
         356000      712.00000

   Energies (kJ/mol)
           Bond          Angle    Proper Dih. Per. Imp. Dih.          LJ-14
    1.43925e+03    3.69652e+03    5.24062e+03    2.67447e+02    1.86283e+03
     Coulomb-14        LJ (SR)  Disper. corr.   Coulomb (SR)   Coul. recip.
    2.22300e+04    4.15223e+04   -2.27330e+03   -4.02615e+05    1.29260e+03
 Position Rest.      Potential    Kinetic En.   Total Energy  Conserved En.
    4.43186e+02   -3.26893e+05    6.02375e+04   -2.66656e+05   -3.19425e+05
    Temperature Pres. DC (bar) Pressure (bar)   Constr. rmsd
    2.94826e+02   -1.53528e+02   -2.76517e+02    2.99152e-06

           Step           Time
         357000      714.00000

   Energies (kJ/mol)
           Bond          Angle    Proper Dih. Per. Imp. Dih.          LJ-14
    1.38403e+03    3.62343e+03    5.29121e+03    2.47467e+02    1.79577e+03
     Coulomb-14        LJ (SR)  Disper. corr.   Coulomb (SR)   Coul. recip.
    2.24922e+04    4.13370e+04   -2.27330e+03   -4.02339e+05    1.30070e+03
 Position Rest.      Potential    Kinetic En.   Total Energy  Conserved En.
    4.99211e+02   -3.26641e+05    6.06309e+04   -2.66010e+05   -3.19450e+05
    Temperature Pres. DC (bar) Pressure (bar)   Constr. rmsd
    2.96752e+02   -1.53528e+02   -4.28882e+02    2.99152e-06

           Step           Time
         358000      716.00000

   Energies (kJ/mol)
           Bond          Angle    Proper Dih. Per. Imp. Dih.          LJ-14
    1.37261e+03    3.94478e+03    5.33942e+03    2.74885e+02    1.85433e+03
     Coulomb-14        LJ (SR)  Disper. corr.   Coulomb (SR)   Coul. recip.
    2.26023e+04    4.21103e+04   -2.27330e+03   -4.02008e+05    1.37849e+03
 Position Rest.      Potential    Kinetic En.   Total Energy  Conserved En.
    5.08334e+02   -3.24895e+05    6.15945e+04   -2.63301e+05   -3.19430e+05
    Temperature Pres. DC (bar) Pressure (bar)   Constr. rmsd
    3.01468e+02   -1.53528e+02    7.00650e+01    2.99152e-06

           Step           Time
         359000      718.00000

   Energies (kJ/mol)
           Bond          Angle    Proper Dih. Per. Imp. Dih.          LJ-14
    1.48316e+03    3.76350e+03    5.20877e+03    2.68386e+02    1.85657e+03
     Coulomb-14        LJ (SR)  Disper. corr.   Coulomb (SR)   Coul. recip.
    2.22660e+04    4.10139e+04   -2.27330e+03   -4.01372e+05    1.27765e+03
 Position Rest.      Potential    Kinetic En.   Total Energy  Conserved En.
    5.41569e+02   -3.25966e+05    6.12791e+04   -2.64687e+05   -3.19439e+05
    Temperature Pres. DC (bar) Pressure (bar)   Constr. rmsd
    2.99924e+02   -1.53528e+02   -7.54970e+02    2.99152e-06

           Step           Time
         360000      720.00000

   Energies (kJ/mol)
           Bond          Angle    Proper Dih. Per. Imp. Dih.          LJ-14
    1.54218e+03    3.83721e+03    5.21593e+03    2.67112e+02    1.85156e+03
     Coulomb-14        LJ (SR)  Disper. corr.   Coulomb (SR)   Coul. recip.
    2.23816e+04    4.11567e+04   -2.27330e+03   -4.02109e+05    1.31127e+03
 Position Rest.      Potential    Kinetic En.   Total Energy  Conserved En.
    4.45341e+02   -3.26374e+05    6.09872e+04   -2.65386e+05   -3.19445e+05
    Temperature Pres. DC (bar) Pressure (bar)   Constr. rmsd
    2.98495e+02   -1.53528e+02   -3.92849e+02    2.99152e-06

           Step           Time
         361000      722.00000

   Energies (kJ/mol)
           Bond          Angle    Proper Dih. Per. Imp. Dih.          LJ-14
    1.52282e+03    3.77130e+03    5.21708e+03    2.59149e+02    1.82213e+03
     Coulomb-14        LJ (SR)  Disper. corr.   Coulomb (SR)   Coul. recip.
    2.23161e+04    4.19812e+04   -2.27330e+03   -4.02395e+05    1.38738e+03
 Position Rest.      Potential    Kinetic En.   Total Energy  Conserved En.
    5.15930e+02   -3.25876e+05    6.05350e+04   -2.65341e+05   -3.19420e+05
    Temperature Pres. DC (bar) Pressure (bar)   Constr. rmsd
    2.96282e+02   -1.53528e+02   -2.69290e+02    2.99152e-06

           Step           Time
         362000      724.00000

   Energies (kJ/mol)
           Bond          Angle    Proper Dih. Per. Imp. Dih.          LJ-14
    1.47482e+03    3.65830e+03    5.14762e+03    2.51080e+02    1.82398e+03
     Coulomb-14        LJ (SR)  Disper. corr.   Coulomb (SR)   Coul. recip.
    2.24052e+04    4.21946e+04   -2.27330e+03   -4.02969e+05    1.27020e+03
 Position Rest.      Potential    Kinetic En.   Total Energy  Conserved En.
    5.03612e+02   -3.26513e+05    6.05167e+04   -2.65996e+05   -3.19429e+05
    Temperature Pres. DC (bar) Pressure (bar)   Constr. rmsd
    2.96192e+02   -1.53528e+02   -2.60060e+02    2.99152e-06

           Step           Time
         363000      726.00000

   Energies (kJ/mol)
           Bond          Angle    Proper Dih. Per. Imp. Dih.          LJ-14
    1.50031e+03    3.80187e+03    5.22718e+03    2.32559e+02    1.84665e+03
     Coulomb-14        LJ (SR)  Disper. corr.   Coulomb (SR)   Coul. recip.
    2.24013e+04    4.15131e+04   -2.27330e+03   -4.02457e+05    1.27072e+03
 Position Rest.      Potential    Kinetic En.   Total Energy  Conserved En.
    4.55803e+02   -3.26481e+05    6.10887e+04   -2.65392e+05   -3.19428e+05
    Temperature Pres. DC (bar) Pressure (bar)   Constr. rmsd
    2.98992e+02   -1.53528e+02   -9.04888e+01    2.99152e-06

           Step           Time
         364000      728.00000

   Energies (kJ/mol)
           Bond          Angle    Proper Dih. Per. Imp. Dih.          LJ-14
    1.60740e+03    3.80975e+03    5.27432e+03    2.44091e+02    1.87355e+03
     Coulomb-14        LJ (SR)  Disper. corr.   Coulomb (SR)   Coul. recip.
    2.23635e+04    4.25513e+04   -2.27330e+03   -4.04055e+05    1.26716e+03
 Position Rest.      Potential    Kinetic En.   Total Energy  Conserved En.
    4.90318e+02   -3.26847e+05    6.17846e+04   -2.65063e+05   -3.19428e+05
    Temperature Pres. DC (bar) Pressure (bar)   Constr. rmsd
    3.02398e+02   -1.53528e+02   -1.71593e+02    2.99152e-06

           Step           Time
         365000      730.00000

   Energies (kJ/mol)
           Bond          Angle    Proper Dih. Per. Imp. Dih.          LJ-14
    1.56171e+03    3.71035e+03    5.32673e+03    2.79189e+02    1.81330e+03
     Coulomb-14        LJ (SR)  Disper. corr.   Coulomb (SR)   Coul. recip.
    2.22732e+04    4.26392e+04   -2.27330e+03   -4.03428e+05    1.31013e+03
 Position Rest.      Potential    Kinetic En.   Total Energy  Conserved En.
    4.39270e+02   -3.26348e+05    6.19227e+04   -2.64425e+05   -3.19452e+05
    Temperature Pres. DC (bar) Pressure (bar)   Constr. rmsd
    3.03074e+02   -1.53528e+02   -2.53548e+02    2.99152e-06

           Step           Time
         366000      732.00000

   Energies (kJ/mol)
           Bond          Angle    Proper Dih. Per. Imp. Dih.          LJ-14
    1.51002e+03    3.81787e+03    5.19650e+03    2.64379e+02    1.92209e+03
     Coulomb-14        LJ (SR)  Disper. corr.   Coulomb (SR)   Coul. recip.
    2.24327e+04    4.12387e+04   -2.27330e+03   -4.01760e+05    1.36788e+03
 Position Rest.      Potential    Kinetic En.   Total Energy  Conserved En.
    4.73702e+02   -3.25810e+05    6.18332e+04   -2.63977e+05   -3.19450e+05
    Temperature Pres. DC (bar) Pressure (bar)   Constr. rmsd
    3.02636e+02   -1.53528e+02   -1.21017e+02    2.99152e-06

           Step           Time
         367000      734.00000

   Energies (kJ/mol)
           Bond          Angle    Proper Dih. Per. Imp. Dih.          LJ-14
    1.45618e+03    3.79204e+03    5.22488e+03    2.45717e+02    1.90861e+03
     Coulomb-14        LJ (SR)  Disper. corr.   Coulomb (SR)   Coul. recip.
    2.22525e+04    4.10879e+04   -2.27330e+03   -4.02051e+05    1.23718e+03
 Position Rest.      Potential    Kinetic En.   Total Energy  Conserved En.
    4.89766e+02   -3.26629e+05    6.11271e+04   -2.65502e+05   -3.19452e+05
    Temperature Pres. DC (bar) Pressure (bar)   Constr. rmsd
    2.99180e+02   -1.53528e+02   -6.42301e+02    2.99152e-06

           Step           Time
         368000      736.00000

   Energies (kJ/mol)
           Bond          Angle    Proper Dih. Per. Imp. Dih.          LJ-14
    1.57597e+03    3.67597e+03    5.33966e+03    2.54575e+02    1.80604e+03
     Coulomb-14        LJ (SR)  Disper. corr.   Coulomb (SR)   Coul. recip.
    2.23504e+04    4.21661e+04   -2.27330e+03   -4.02744e+05    1.33268e+03
 Position Rest.      Potential    Kinetic En.   Total Energy  Conserved En.
    5.21939e+02   -3.25994e+05    6.13484e+04   -2.64646e+05   -3.19459e+05
    Temperature Pres. DC (bar) Pressure (bar)   Constr. rmsd
    3.00263e+02   -1.53528e+02    2.85159e+02    2.99152e-06

           Step           Time
         369000      738.00000

   Energies (kJ/mol)
           Bond          Angle    Proper Dih. Per. Imp. Dih.          LJ-14
    1.50004e+03    3.61569e+03    5.27893e+03    2.40360e+02    1.86159e+03
     Coulomb-14        LJ (SR)  Disper. corr.   Coulomb (SR)   Coul. recip.
    2.23275e+04    4.18937e+04   -2.27330e+03   -4.03366e+05    1.25392e+03
 Position Rest.      Potential    Kinetic En.   Total Energy  Conserved En.
    4.96575e+02   -3.27171e+05    6.12033e+04   -2.65967e+05   -3.19456e+05
    Temperature Pres. DC (bar) Pressure (bar)   Constr. rmsd
    2.99553e+02   -1.53528e+02    3.97653e+02    2.99152e-06

           Step           Time
         370000      740.00000

   Energies (kJ/mol)
           Bond          Angle    Proper Dih. Per. Imp. Dih.          LJ-14
    1.52974e+03    3.81398e+03    5.23292e+03    2.47377e+02    1.82023e+03
     Coulomb-14        LJ (SR)  Disper. corr.   Coulomb (SR)   Coul. recip.
    2.23138e+04    4.18392e+04   -2.27330e+03   -4.02091e+05    1.38923e+03
 Position Rest.      Potential    Kinetic En.   Total Energy  Conserved En.
    5.48445e+02   -3.25629e+05    6.12284e+04   -2.64401e+05   -3.19464e+05
    Temperature Pres. DC (bar) Pressure (bar)   Constr. rmsd
    2.99676e+02   -1.53528e+02   -4.35047e+02    2.99152e-06

           Step           Time
         371000      742.00000

   Energies (kJ/mol)
           Bond          Angle    Proper Dih. Per. Imp. Dih.          LJ-14
    1.45506e+03    3.81310e+03    5.15456e+03    2.75643e+02    1.87201e+03
     Coulomb-14        LJ (SR)  Disper. corr.   Coulomb (SR)   Coul. recip.
    2.24568e+04    4.13724e+04   -2.27330e+03   -4.01360e+05    1.36076e+03
 Position Rest.      Potential    Kinetic En.   Total Energy  Conserved En.
    5.20801e+02   -3.25352e+05    6.10933e+04   -2.64259e+05   -3.19460e+05
    Temperature Pres. DC (bar) Pressure (bar)   Constr. rmsd
    2.99014e+02   -1.53528e+02   -6.40110e+02    2.99152e-06

           Step           Time
         372000      744.00000

   Energies (kJ/mol)
           Bond          Angle    Proper Dih. Per. Imp. Dih.          LJ-14
    1.52319e+03    3.87223e+03    5.29847e+03    2.47899e+02    1.87083e+03
     Coulomb-14        LJ (SR)  Disper. corr.   Coulomb (SR)   Coul. recip.
    2.23710e+04    4.13910e+04   -2.27330e+03   -4.02062e+05    1.30573e+03
 Position Rest.      Potential    Kinetic En.   Total Energy  Conserved En.
    4.72511e+02   -3.25982e+05    6.26059e+04   -2.63376e+05   -3.19488e+05
    Temperature Pres. DC (bar) Pressure (bar)   Constr. rmsd
    3.06418e+02   -1.53528e+02   -3.07182e+02    2.99152e-06

           Step           Time
         373000      746.00000

   Energies (kJ/mol)
           Bond          Angle    Proper Dih. Per. Imp. Dih.          LJ-14
    1.40641e+03    3.76472e+03    5.27288e+03    2.77895e+02    1.89060e+03
     Coulomb-14        LJ (SR)  Disper. corr.   Coulomb (SR)   Coul. recip.
    2.23203e+04    4.14362e+04   -2.27330e+03   -4.02692e+05    1.28515e+03
 Position Rest.      Potential    Kinetic En.   Total Energy  Conserved En.
    4.73581e+02   -3.26838e+05    6.14276e+04   -2.65410e+05   -3.19476e+05
    Temperature Pres. DC (bar) Pressure (bar)   Constr. rmsd
    3.00651e+02   -1.53528e+02   -6.62269e+02    2.99152e-06

           Step           Time
         374000      748.00000

   Energies (kJ/mol)
           Bond          Angle    Proper Dih. Per. Imp. Dih.          LJ-14
    1.65960e+03    3.87511e+03    5.26947e+03    2.81457e+02    1.88145e+03
     Coulomb-14        LJ (SR)  Disper. corr.   Coulomb (SR)   Coul. recip.
    2.23555e+04    4.14068e+04   -2.27330e+03   -4.01432e+05    1.32681e+03
 Position Rest.      Potential    Kinetic En.   Total Energy  Conserved En.
    4.75594e+02   -3.25174e+05    6.21300e+04   -2.63044e+05   -3.19481e+05
    Temperature Pres. DC (bar) Pressure (bar)   Constr. rmsd
    3.04089e+02   -1.53528e+02   -6.79498e+02    2.99152e-06

           Step           Time
         375000      750.00000

   Energies (kJ/mol)
           Bond          Angle    Proper Dih. Per. Imp. Dih.          LJ-14
    1.58478e+03    3.76045e+03    5.18722e+03    2.71044e+02    1.88175e+03
     Coulomb-14        LJ (SR)  Disper. corr.   Coulomb (SR)   Coul. recip.
    2.25255e+04    4.16852e+04   -2.27330e+03   -4.02755e+05    1.24642e+03
 Position Rest.      Potential    Kinetic En.   Total Energy  Conserved En.
    4.84749e+02   -3.26402e+05    6.09616e+04   -2.65440e+05   -3.19464e+05
    Temperature Pres. DC (bar) Pressure (bar)   Constr. rmsd
    2.98370e+02   -1.53528e+02   -1.41252e+02    2.99152e-06

           Step           Time
         376000      752.00000

   Energies (kJ/mol)
           Bond          Angle    Proper Dih. Per. Imp. Dih.          LJ-14
    1.46015e+03    3.72259e+03    5.11874e+03    2.71110e+02    1.86197e+03
     Coulomb-14        LJ (SR)  Disper. corr.   Coulomb (SR)   Coul. recip.
    2.22730e+04    4.08528e+04   -2.27330e+03   -4.01960e+05    1.30287e+03
 Position Rest.      Potential    Kinetic En.   Total Energy  Conserved En.
    5.25012e+02   -3.26845e+05    6.13460e+04   -2.65499e+05   -3.19482e+05
    Temperature Pres. DC (bar) Pressure (bar)   Constr. rmsd
    3.00251e+02   -1.53528e+02   -6.44192e+02    2.99152e-06

           Step           Time
         377000      754.00000

   Energies (kJ/mol)
           Bond          Angle    Proper Dih. Per. Imp. Dih.          LJ-14
    1.48311e+03    3.87091e+03    5.23512e+03    2.47667e+02    1.85940e+03
     Coulomb-14        LJ (SR)  Disper. corr.   Coulomb (SR)   Coul. recip.
    2.23107e+04    4.07936e+04   -2.27330e+03   -4.01216e+05    1.20888e+03
 Position Rest.      Potential    Kinetic En.   Total Energy  Conserved En.
    5.16911e+02   -3.25963e+05    6.14978e+04   -2.64465e+05   -3.19480e+05
    Temperature Pres. DC (bar) Pressure (bar)   Constr. rmsd
    3.00994e+02   -1.53528e+02   -7.12616e+02    2.99152e-06

           Step           Time
         378000      756.00000

   Energies (kJ/mol)
           Bond          Angle    Proper Dih. Per. Imp. Dih.          LJ-14
    1.54748e+03    3.66608e+03    5.22318e+03    2.42319e+02    1.86706e+03
     Coulomb-14        LJ (SR)  Disper. corr.   Coulomb (SR)   Coul. recip.
    2.23315e+04    4.06870e+04   -2.27330e+03   -4.02028e+05    1.33632e+03
 Position Rest.      Potential    Kinetic En.   Total Energy  Conserved En.
    5.40170e+02   -3.26861e+05    6.17518e+04   -2.65109e+05   -3.19492e+05
    Temperature Pres. DC (bar) Pressure (bar)   Constr. rmsd
    3.02238e+02   -1.53528e+02   -6.68969e+02    2.99152e-06

           Step           Time
         379000      758.00000

   Energies (kJ/mol)
           Bond          Angle    Proper Dih. Per. Imp. Dih.          LJ-14
    1.48500e+03    3.74774e+03    5.24011e+03    2.72220e+02    1.86009e+03
     Coulomb-14        LJ (SR)  Disper. corr.   Coulomb (SR)   Coul. recip.
    2.22492e+04    4.23517e+04   -2.27330e+03   -4.02637e+05    1.34170e+03
 Position Rest.      Potential    Kinetic En.   Total Energy  Conserved En.
    5.06306e+02   -3.25856e+05    6.04084e+04   -2.65447e+05   -3.19492e+05
    Temperature Pres. DC (bar) Pressure (bar)   Constr. rmsd
    2.95663e+02   -1.53528e+02   -1.72422e+02    2.99152e-06

           Step           Time
         380000      760.00000

   Energies (kJ/mol)
           Bond          Angle    Proper Dih. Per. Imp. Dih.          LJ-14
    1.61090e+03    3.81180e+03    5.28901e+03    2.74993e+02    1.83656e+03
     Coulomb-14        LJ (SR)  Disper. corr.   Coulomb (SR)   Coul. recip.
    2.21836e+04    4.14884e+04   -2.27330e+03   -4.02341e+05    1.31779e+03
 Position Rest.      Potential    Kinetic En.   Total Energy  Conserved En.
    4.96292e+02   -3.26305e+05    6.15728e+04   -2.64732e+05   -3.19496e+05
    Temperature Pres. DC (bar) Pressure (bar)   Constr. rmsd
    3.01361e+02   -1.53528e+02   -4.23479e+02    2.99152e-06

           Step           Time
         381000      762.00000

   Energies (kJ/mol)
           Bond          Angle    Proper Dih. Per. Imp. Dih.          LJ-14
    1.57351e+03    3.69544e+03    5.24358e+03    2.94239e+02    1.85494e+03
     Coulomb-14        LJ (SR)  Disper. corr.   Coulomb (SR)   Coul. recip.
    2.24465e+04    4.15155e+04   -2.27330e+03   -4.02311e+05    1.31162e+03
 Position Rest.      Potential    Kinetic En.   Total Energy  Conserved En.
    4.81818e+02   -3.26167e+05    6.12856e+04   -2.64882e+05   -3.19510e+05
    Temperature Pres. DC (bar) Pressure (bar)   Constr. rmsd
    2.99956e+02   -1.53528e+02   -5.15240e+02    2.99152e-06

           Step           Time
         382000      764.00000

   Energies (kJ/mol)
           Bond          Angle    Proper Dih. Per. Imp. Dih.          LJ-14
    1.58196e+03    3.93934e+03    5.29827e+03    2.83280e+02    1.84077e+03
     Coulomb-14        LJ (SR)  Disper. corr.   Coulomb (SR)   Coul. recip.
    2.23386e+04    4.24321e+04   -2.27330e+03   -4.03222e+05    1.29320e+03
 Position Rest.      Potential    Kinetic En.   Total Energy  Conserved En.
    4.93527e+02   -3.25994e+05    6.15705e+04   -2.64424e+05   -3.19503e+05
    Temperature Pres. DC (bar) Pressure (bar)   Constr. rmsd
    3.01350e+02   -1.53528e+02   -3.55792e+01    2.99152e-06

           Step           Time
         383000      766.00000

   Energies (kJ/mol)
           Bond          Angle    Proper Dih. Per. Imp. Dih.          LJ-14
    1.45156e+03    3.81753e+03    5.21672e+03    2.70136e+02    1.85799e+03
     Coulomb-14        LJ (SR)  Disper. corr.   Coulomb (SR)   Coul. recip.
    2.23382e+04    4.10757e+04   -2.27330e+03   -4.01206e+05    1.30660e+03
 Position Rest.      Potential    Kinetic En.   Total Energy  Conserved En.
    5.09449e+02   -3.25635e+05    6.06991e+04   -2.64936e+05   -3.19518e+05
    Temperature Pres. DC (bar) Pressure (bar)   Constr. rmsd
    2.97085e+02   -1.53528e+02   -5.24558e+02    2.99152e-06

           Step           Time
         384000      768.00000

   Energies (kJ/mol)
           Bond          Angle    Proper Dih. Per. Imp. Dih.          LJ-14
    1.35486e+03    3.73124e+03    5.19854e+03    2.56953e+02    1.89251e+03
     Coulomb-14        LJ (SR)  Disper. corr.   Coulomb (SR)   Coul. recip.
    2.22562e+04    4.24426e+04   -2.27330e+03   -4.03473e+05    1.33741e+03
 Position Rest.      Potential    Kinetic En.   Total Energy  Conserved En.
    5.13276e+02   -3.26763e+05    6.18801e+04   -2.64883e+05   -3.19537e+05
    Temperature Pres. DC (bar) Pressure (bar)   Constr. rmsd
    3.02865e+02   -1.53528e+02    2.76057e+02    2.99152e-06

           Step           Time
         385000      770.00000

   Energies (kJ/mol)
           Bond          Angle    Proper Dih. Per. Imp. Dih.          LJ-14
    1.46699e+03    3.81134e+03    5.21804e+03    2.50521e+02    1.85580e+03
     Coulomb-14        LJ (SR)  Disper. corr.   Coulomb (SR)   Coul. recip.
    2.23540e+04    4.08934e+04   -2.27330e+03   -4.02460e+05    1.36156e+03
 Position Rest.      Potential    Kinetic En.   Total Energy  Conserved En.
    5.12729e+02   -3.27009e+05    6.15186e+04   -2.65490e+05   -3.19525e+05
    Temperature Pres. DC (bar) Pressure (bar)   Constr. rmsd
    3.01096e+02   -1.53528e+02   -5.74322e+02    2.99152e-06

           Step           Time
         386000      772.00000

   Energies (kJ/mol)
           Bond          Angle    Proper Dih. Per. Imp. Dih.          LJ-14
    1.40925e+03    3.80355e+03    5.13676e+03    2.35757e+02    1.87514e+03
     Coulomb-14        LJ (SR)  Disper. corr.   Coulomb (SR)   Coul. recip.
    2.24127e+04    4.22561e+04   -2.27330e+03   -4.03445e+05    1.30784e+03
 Position Rest.      Potential    Kinetic En.   Total Energy  Conserved En.
    4.78131e+02   -3.26803e+05    6.11619e+04   -2.65641e+05   -3.19523e+05
    Temperature Pres. DC (bar) Pressure (bar)   Constr. rmsd
    2.99350e+02   -1.53528e+02    8.45796e+01    2.99152e-06

           Step           Time
         387000      774.00000

   Energies (kJ/mol)
           Bond          Angle    Proper Dih. Per. Imp. Dih.          LJ-14
    1.54549e+03    3.72309e+03    5.23697e+03    2.62621e+02    1.96161e+03
     Coulomb-14        LJ (SR)  Disper. corr.   Coulomb (SR)   Coul. recip.
    2.25715e+04    4.18416e+04   -2.27330e+03   -4.02889e+05    1.31449e+03
 Position Rest.      Potential    Kinetic En.   Total Energy  Conserved En.
    4.86497e+02   -3.26218e+05    6.07410e+04   -2.65477e+05   -3.19517e+05
    Temperature Pres. DC (bar) Pressure (bar)   Constr. rmsd
    2.97290e+02   -1.53528e+02   -8.69326e+01    2.99152e-06

           Step           Time
         388000      776.00000

   Energies (kJ/mol)
           Bond          Angle    Proper Dih. Per. Imp. Dih.          LJ-14
    1.57358e+03    3.87552e+03    5.21048e+03    2.65021e+02    1.89047e+03
     Coulomb-14        LJ (SR)  Disper. corr.   Coulomb (SR)   Coul. recip.
    2.23259e+04    4.15001e+04   -2.27330e+03   -4.02095e+05    1.29628e+03
 Position Rest.      Potential    Kinetic En.   Total Energy  Conserved En.
    4.83692e+02   -3.25947e+05    6.12776e+04   -2.64670e+05   -3.19518e+05
    Temperature Pres. DC (bar) Pressure (bar)   Constr. rmsd
    2.99917e+02   -1.53528e+02    3.05452e+01    2.99152e-06

           Step           Time
         389000      778.00000

   Energies (kJ/mol)
           Bond          Angle    Proper Dih. Per. Imp. Dih.          LJ-14
    1.60124e+03    3.81259e+03    5.23376e+03    2.76008e+02    1.88428e+03
     Coulomb-14        LJ (SR)  Disper. corr.   Coulomb (SR)   Coul. recip.
    2.24252e+04    4.15787e+04   -2.27330e+03   -4.02546e+05    1.31028e+03
 Position Rest.      Potential    Kinetic En.   Total Energy  Conserved En.
    5.07551e+02   -3.26190e+05    6.14474e+04   -2.64742e+05   -3.19518e+05
    Temperature Pres. DC (bar) Pressure (bar)   Constr. rmsd
    3.00748e+02   -1.53528e+02    2.24311e+02    2.99152e-06

           Step           Time
         390000      780.00000

   Energies (kJ/mol)
           Bond          Angle    Proper Dih. Per. Imp. Dih.          LJ-14
    1.62698e+03    3.75216e+03    5.21039e+03    2.54946e+02    1.83628e+03
     Coulomb-14        LJ (SR)  Disper. corr.   Coulomb (SR)   Coul. recip.
    2.24091e+04    4.09794e+04   -2.27330e+03   -4.01103e+05    1.28568e+03
 Position Rest.      Potential    Kinetic En.   Total Energy  Conserved En.
    5.20444e+02   -3.25501e+05    6.04482e+04   -2.65053e+05   -3.19526e+05
    Temperature Pres. DC (bar) Pressure (bar)   Constr. rmsd
    2.95857e+02   -1.53528e+02   -6.38821e+02    2.99152e-06

           Step           Time
         391000      782.00000

   Energies (kJ/mol)
           Bond          Angle    Proper Dih. Per. Imp. Dih.          LJ-14
    1.49738e+03    3.67311e+03    5.17697e+03    2.50715e+02    1.83784e+03
     Coulomb-14        LJ (SR)  Disper. corr.   Coulomb (SR)   Coul. recip.
    2.22574e+04    4.11054e+04   -2.27330e+03   -4.01976e+05    1.28035e+03
 Position Rest.      Potential    Kinetic En.   Total Energy  Conserved En.
    5.09766e+02   -3.26660e+05    6.20196e+04   -2.64641e+05   -3.19560e+05
    Temperature Pres. DC (bar) Pressure (bar)   Constr. rmsd
    3.03548e+02   -1.53528e+02   -4.89246e+02    2.99152e-06

           Step           Time
         392000      784.00000

   Energies (kJ/mol)
           Bond          Angle    Proper Dih. Per. Imp. Dih.          LJ-14
    1.39756e+03    3.63408e+03    5.22341e+03    2.34056e+02    1.89242e+03
     Coulomb-14        LJ (SR)  Disper. corr.   Coulomb (SR)   Coul. recip.
    2.25738e+04    4.20837e+04   -2.27330e+03   -4.03929e+05    1.31441e+03
 Position Rest.      Potential    Kinetic En.   Total Energy  Conserved En.
    5.01103e+02   -3.27348e+05    6.17587e+04   -2.65589e+05   -3.19556e+05
    Temperature Pres. DC (bar) Pressure (bar)   Constr. rmsd
    3.02271e+02   -1.53528e+02   -3.52201e+02    2.99152e-06

           Step           Time
         393000      786.00000

   Energies (kJ/mol)
           Bond          Angle    Proper Dih. Per. Imp. Dih.          LJ-14
    1.49094e+03    3.69132e+03    5.13993e+03    2.58181e+02    1.89316e+03
     Coulomb-14        LJ (SR)  Disper. corr.   Coulomb (SR)   Coul. recip.
    2.24908e+04    4.17003e+04   -2.27330e+03   -4.02905e+05    1.34097e+03
 Position Rest.      Potential    Kinetic En.   Total Energy  Conserved En.
    4.97948e+02   -3.26675e+05    6.18705e+04   -2.64805e+05   -3.19574e+05
    Temperature Pres. DC (bar) Pressure (bar)   Constr. rmsd
    3.02818e+02   -1.53528e+02   -2.14185e+02    2.99152e-06

           Step           Time
         394000      788.00000

   Energies (kJ/mol)
           Bond          Angle    Proper Dih. Per. Imp. Dih.          LJ-14
    1.58535e+03    3.63094e+03    5.19898e+03    2.98204e+02    1.83847e+03
     Coulomb-14        LJ (SR)  Disper. corr.   Coulomb (SR)   Coul. recip.
    2.24179e+04    4.11728e+04   -2.27330e+03   -4.01752e+05    1.27732e+03
 Position Rest.      Potential    Kinetic En.   Total Energy  Conserved En.
    5.15019e+02   -3.26090e+05    6.19548e+04   -2.64135e+05   -3.19557e+05
    Temperature Pres. DC (bar) Pressure (bar)   Constr. rmsd
    3.03231e+02   -1.53528e+02   -2.52909e+02    2.99152e-06

           Step           Time
         395000      790.00000

   Energies (kJ/mol)
           Bond          Angle    Proper Dih. Per. Imp. Dih.          LJ-14
    1.44716e+03    3.74603e+03    5.25194e+03    2.50779e+02    1.87274e+03
     Coulomb-14        LJ (SR)  Disper. corr.   Coulomb (SR)   Coul. recip.
    2.24237e+04    4.13051e+04   -2.27330e+03   -4.02645e+05    1.34849e+03
 Position Rest.      Potential    Kinetic En.   Total Energy  Conserved En.
    5.02426e+02   -3.26770e+05    6.13070e+04   -2.65463e+05   -3.19561e+05
    Temperature Pres. DC (bar) Pressure (bar)   Constr. rmsd
    3.00061e+02   -1.53528e+02   -6.17537e+02    2.99152e-06

           Step           Time
         396000      792.00000

   Energies (kJ/mol)
           Bond          Angle    Proper Dih. Per. Imp. Dih.          LJ-14
    1.49463e+03    3.78855e+03    5.20815e+03    2.31418e+02    1.92767e+03
     Coulomb-14        LJ (SR)  Disper. corr.   Coulomb (SR)   Coul. recip.
    2.24574e+04    4.01465e+04   -2.27330e+03   -4.00978e+05    1.36603e+03
 Position Rest.      Potential    Kinetic En.   Total Energy  Conserved En.
    4.71914e+02   -3.26159e+05    6.09086e+04   -2.65251e+05   -3.19548e+05
    Temperature Pres. DC (bar) Pressure (bar)   Constr. rmsd
    2.98110e+02   -1.53528e+02   -2.33336e+02    2.99152e-06

           Step           Time
         397000      794.00000

   Energies (kJ/mol)
           Bond          Angle    Proper Dih. Per. Imp. Dih.          LJ-14
    1.56240e+03    3.62100e+03    5.23640e+03    2.97589e+02    1.78597e+03
     Coulomb-14        LJ (SR)  Disper. corr.   Coulomb (SR)   Coul. recip.
    2.22730e+04    4.18945e+04   -2.27330e+03   -4.02550e+05    1.34870e+03
 Position Rest.      Potential    Kinetic En.   Total Energy  Conserved En.
    5.45612e+02   -3.26258e+05    6.12487e+04   -2.65010e+05   -3.19564e+05
    Temperature Pres. DC (bar) Pressure (bar)   Constr. rmsd
    2.99775e+02   -1.53528e+02   -2.58539e+02    2.99152e-06

           Step           Time
         398000      796.00000

   Energies (kJ/mol)
           Bond          Angle    Proper Dih. Per. Imp. Dih.          LJ-14
    1.43658e+03    3.80593e+03    5.23448e+03    2.88548e+02    1.85115e+03
     Coulomb-14        LJ (SR)  Disper. corr.   Coulomb (SR)   Coul. recip.
    2.23512e+04    4.13052e+04   -2.27330e+03   -4.02867e+05    1.28396e+03
 Position Rest.      Potential    Kinetic En.   Total Energy  Conserved En.
    5.07560e+02   -3.27076e+05    6.11314e+04   -2.65945e+05   -3.19562e+05
    Temperature Pres. DC (bar) Pressure (bar)   Constr. rmsd
    2.99201e+02   -1.53528e+02   -1.26739e+02    2.99152e-06

           Step           Time
         399000      798.00000

   Energies (kJ/mol)
           Bond          Angle    Proper Dih. Per. Imp. Dih.          LJ-14
    1.50231e+03    3.77002e+03    5.17066e+03    2.36062e+02    1.85689e+03
     Coulomb-14        LJ (SR)  Disper. corr.   Coulomb (SR)   Coul. recip.
    2.24588e+04    4.20066e+04   -2.27330e+03   -4.02762e+05    1.26647e+03
 Position Rest.      Potential    Kinetic En.   Total Energy  Conserved En.
    5.40935e+02   -3.26227e+05    6.14455e+04   -2.64781e+05   -3.19580e+05
    Temperature Pres. DC (bar) Pressure (bar)   Constr. rmsd
    3.00738e+02   -1.53528e+02   -7.96719e+00    2.99152e-06

           Step           Time
         400000      800.00000

   Energies (kJ/mol)
           Bond          Angle    Proper Dih. Per. Imp. Dih.          LJ-14
    1.64194e+03    3.86911e+03    5.26656e+03    3.04613e+02    1.80999e+03
     Coulomb-14        LJ (SR)  Disper. corr.   Coulomb (SR)   Coul. recip.
    2.22012e+04    4.11848e+04   -2.27330e+03   -4.01433e+05    1.32772e+03
 Position Rest.      Potential    Kinetic En.   Total Energy  Conserved En.
    4.98812e+02   -3.25602e+05    6.10327e+04   -2.64569e+05   -3.19581e+05
    Temperature Pres. DC (bar) Pressure (bar)   Constr. rmsd
    2.98718e+02   -1.53528e+02   -5.45051e+02    2.99152e-06

           Step           Time
         401000      802.00000

   Energies (kJ/mol)
           Bond          Angle    Proper Dih. Per. Imp. Dih.          LJ-14
    1.51871e+03    3.93755e+03    5.17669e+03    2.36211e+02    1.79460e+03
     Coulomb-14        LJ (SR)  Disper. corr.   Coulomb (SR)   Coul. recip.
    2.21371e+04    4.15782e+04   -2.27330e+03   -4.01933e+05    1.26933e+03
 Position Rest.      Potential    Kinetic En.   Total Energy  Conserved En.
    4.72101e+02   -3.26085e+05    6.21594e+04   -2.63926e+05   -3.19580e+05
    Temperature Pres. DC (bar) Pressure (bar)   Constr. rmsd
    3.04232e+02   -1.53528e+02   -2.75849e+02    2.99152e-06

           Step           Time
         402000      804.00000

   Energies (kJ/mol)
           Bond          Angle    Proper Dih. Per. Imp. Dih.          LJ-14
    1.47348e+03    3.77853e+03    5.21401e+03    2.54537e+02    1.84962e+03
     Coulomb-14        LJ (SR)  Disper. corr.   Coulomb (SR)   Coul. recip.
    2.23031e+04    4.11986e+04   -2.27330e+03   -4.01567e+05    1.38680e+03
 Position Rest.      Potential    Kinetic En.   Total Energy  Conserved En.
    4.73550e+02   -3.25908e+05    6.11824e+04   -2.64726e+05   -3.19582e+05
    Temperature Pres. DC (bar) Pressure (bar)   Constr. rmsd
    2.99451e+02   -1.53528e+02   -1.71718e+02    2.99152e-06

           Step           Time
         403000      806.00000

   Energies (kJ/mol)
           Bond          Angle    Proper Dih. Per. Imp. Dih.          LJ-14
    1.62633e+03    3.66751e+03    5.18137e+03    2.67883e+02    1.83874e+03
     Coulomb-14        LJ (SR)  Disper. corr.   Coulomb (SR)   Coul. recip.
    2.24214e+04    4.08533e+04   -2.27330e+03   -4.01406e+05    1.30065e+03
 Position Rest.      Potential    Kinetic En.   Total Energy  Conserved En.
    4.94133e+02   -3.26028e+05    6.08513e+04   -2.65177e+05   -3.19593e+05
    Temperature Pres. DC (bar) Pressure (bar)   Constr. rmsd
    2.97830e+02   -1.53528e+02   -5.94651e+02    2.99152e-06

           Step           Time
         404000      808.00000

   Energies (kJ/mol)
           Bond          Angle    Proper Dih. Per. Imp. Dih.          LJ-14
    1.56368e+03    3.56454e+03    5.15910e+03    2.55061e+02    1.83571e+03
     Coulomb-14        LJ (SR)  Disper. corr.   Coulomb (SR)   Coul. recip.
    2.24315e+04    4.20684e+04   -2.27330e+03   -4.03444e+05    1.31181e+03
 Position Rest.      Potential    Kinetic En.   Total Energy  Conserved En.
    4.35184e+02   -3.27093e+05    6.02193e+04   -2.66873e+05   -3.19585e+05
    Temperature Pres. DC (bar) Pressure (bar)   Constr. rmsd
    2.94737e+02   -1.53528e+02   -1.51605e+02    2.99152e-06

           Step           Time
         405000      810.00000

   Energies (kJ/mol)
           Bond          Angle    Proper Dih. Per. Imp. Dih.          LJ-14
    1.51854e+03    3.66455e+03    5.20926e+03    2.51305e+02    1.80373e+03
     Coulomb-14        LJ (SR)  Disper. corr.   Coulomb (SR)   Coul. recip.
    2.23259e+04    4.13655e+04   -2.27330e+03   -4.01908e+05    1.29667e+03
 Position Rest.      Potential    Kinetic En.   Total Energy  Conserved En.
    4.61368e+02   -3.26285e+05    6.20862e+04   -2.64199e+05   -3.19615e+05
    Temperature Pres. DC (bar) Pressure (bar)   Constr. rmsd
    3.03874e+02   -1.53528e+02   -4.84609e+02    2.99152e-06

           Step           Time
         406000      812.00000

   Energies (kJ/mol)
           Bond          Angle    Proper Dih. Per. Imp. Dih.          LJ-14
    1.55674e+03    3.88232e+03    5.21177e+03    2.17575e+02    1.81479e+03
     Coulomb-14        LJ (SR)  Disper. corr.   Coulomb (SR)   Coul. recip.
    2.25059e+04    4.08975e+04   -2.27330e+03   -4.00714e+05    1.39199e+03
 Position Rest.      Potential    Kinetic En.   Total Energy  Conserved En.
    5.16092e+02   -3.24992e+05    6.09930e+04   -2.63999e+05   -3.19606e+05
    Temperature Pres. DC (bar) Pressure (bar)   Constr. rmsd
    2.98524e+02   -1.53528e+02   -2.11650e+02    2.99152e-06

           Step           Time
         407000      814.00000

   Energies (kJ/mol)
           Bond          Angle    Proper Dih. Per. Imp. Dih.          LJ-14
    1.44610e+03    3.76621e+03    5.20270e+03    2.38811e+02    1.90342e+03
     Coulomb-14        LJ (SR)  Disper. corr.   Coulomb (SR)   Coul. recip.
    2.23753e+04    4.14639e+04   -2.27330e+03   -4.02668e+05    1.33242e+03
 Position Rest.      Potential    Kinetic En.   Total Energy  Conserved En.
    4.82610e+02   -3.26730e+05    6.14853e+04   -2.65245e+05   -3.19633e+05
    Temperature Pres. DC (bar) Pressure (bar)   Constr. rmsd
    3.00933e+02   -1.53528e+02   -4.46944e+02    2.99152e-06

           Step           Time
         408000      816.00000

   Energies (kJ/mol)
           Bond          Angle    Proper Dih. Per. Imp. Dih.          LJ-14
    1.46535e+03    3.59853e+03    5.22759e+03    2.33524e+02    1.81108e+03
     Coulomb-14        LJ (SR)  Disper. corr.   Coulomb (SR)   Coul. recip.
    2.25169e+04    4.21957e+04   -2.27330e+03   -4.03560e+05    1.34751e+03
 Position Rest.      Potential    Kinetic En.   Total Energy  Conserved En.
    4.80461e+02   -3.26957e+05    6.08974e+04   -2.66060e+05   -3.19636e+05
    Temperature Pres. DC (bar) Pressure (bar)   Constr. rmsd
    2.98056e+02   -1.53528e+02   -6.10424e+02    2.99152e-06

           Step           Time
         409000      818.00000

   Energies (kJ/mol)
           Bond          Angle    Proper Dih. Per. Imp. Dih.          LJ-14
    1.57502e+03    3.92932e+03    5.24337e+03    2.46675e+02    1.83375e+03
     Coulomb-14        LJ (SR)  Disper. corr.   Coulomb (SR)   Coul. recip.
    2.21677e+04    4.16439e+04   -2.27330e+03   -4.01231e+05    1.32318e+03
 Position Rest.      Potential    Kinetic En.   Total Energy  Conserved En.
    4.70827e+02   -3.25070e+05    6.19206e+04   -2.63150e+05   -3.19629e+05
    Temperature Pres. DC (bar) Pressure (bar)   Constr. rmsd
    3.03064e+02   -1.53528e+02   -6.37312e+01    2.99152e-06

           Step           Time
         410000      820.00000

   Energies (kJ/mol)
           Bond          Angle    Proper Dih. Per. Imp. Dih.          LJ-14
    1.48587e+03    3.63764e+03    5.24320e+03    2.53672e+02    1.92497e+03
     Coulomb-14        LJ (SR)  Disper. corr.   Coulomb (SR)   Coul. recip.
    2.26380e+04    4.13584e+04   -2.27330e+03   -4.01967e+05    1.37026e+03
 Position Rest.      Potential    Kinetic En.   Total Energy  Conserved En.
    4.47616e+02   -3.25881e+05    6.14935e+04   -2.64387e+05   -3.19617e+05
    Temperature Pres. DC (bar) Pressure (bar)   Constr. rmsd
    3.00973e+02   -1.53528e+02    2.03623e+02    2.99152e-06

           Step           Time
         411000      822.00000

   Energies (kJ/mol)
           Bond          Angle    Proper Dih. Per. Imp. Dih.          LJ-14
    1.50024e+03    3.67129e+03    5.22471e+03    2.42876e+02    1.85065e+03
     Coulomb-14        LJ (SR)  Disper. corr.   Coulomb (SR)   Coul. recip.
    2.23176e+04    4.15093e+04   -2.27330e+03   -4.03685e+05    1.32769e+03
 Position Rest.      Potential    Kinetic En.   Total Energy  Conserved En.
    4.81878e+02   -3.27832e+05    6.12500e+04   -2.66582e+05   -3.19636e+05
    Temperature Pres. DC (bar) Pressure (bar)   Constr. rmsd
    2.99781e+02   -1.53528e+02   -6.90411e+02    2.99152e-06

           Step           Time
         412000      824.00000

   Energies (kJ/mol)
           Bond          Angle    Proper Dih. Per. Imp. Dih.          LJ-14
    1.50038e+03    3.80501e+03    5.27068e+03    2.62042e+02    1.84489e+03
     Coulomb-14        LJ (SR)  Disper. corr.   Coulomb (SR)   Coul. recip.
    2.23274e+04    4.19569e+04   -2.27330e+03   -4.02904e+05    1.32041e+03
 Position Rest.      Potential    Kinetic En.   Total Energy  Conserved En.
    4.96752e+02   -3.26393e+05    6.11714e+04   -2.65222e+05   -3.19636e+05
    Temperature Pres. DC (bar) Pressure (bar)   Constr. rmsd
    2.99397e+02   -1.53528e+02   -2.63522e+02    2.99152e-06

           Step           Time
         413000      826.00000

   Energies (kJ/mol)
           Bond          Angle    Proper Dih. Per. Imp. Dih.          LJ-14
    1.49910e+03    3.87838e+03    5.21439e+03    2.35626e+02    1.83357e+03
     Coulomb-14        LJ (SR)  Disper. corr.   Coulomb (SR)   Coul. recip.
    2.23292e+04    4.20554e+04   -2.27330e+03   -4.03003e+05    1.31061e+03
 Position Rest.      Potential    Kinetic En.   Total Energy  Conserved En.
    5.03490e+02   -3.26417e+05    6.16003e+04   -2.64816e+05   -3.19636e+05
    Temperature Pres. DC (bar) Pressure (bar)   Constr. rmsd
    3.01496e+02   -1.53528e+02   -5.48117e+02    2.99152e-06

           Step           Time
         414000      828.00000

   Energies (kJ/mol)
           Bond          Angle    Proper Dih. Per. Imp. Dih.          LJ-14
    1.53882e+03    3.68428e+03    5.24616e+03    2.52405e+02    1.88102e+03
     Coulomb-14        LJ (SR)  Disper. corr.   Coulomb (SR)   Coul. recip.
    2.23949e+04    4.13394e+04   -2.27330e+03   -4.02091e+05    1.33714e+03
 Position Rest.      Potential    Kinetic En.   Total Energy  Conserved En.
    4.92807e+02   -3.26197e+05    6.13905e+04   -2.64807e+05   -3.19635e+05
    Temperature Pres. DC (bar) Pressure (bar)   Constr. rmsd
    3.00469e+02   -1.53528e+02   -5.98753e+02    2.99152e-06

           Step           Time
         415000      830.00000

   Energies (kJ/mol)
           Bond          Angle    Proper Dih. Per. Imp. Dih.          LJ-14
    1.48313e+03    3.87468e+03    5.25476e+03    2.61841e+02    1.87920e+03
     Coulomb-14        LJ (SR)  Disper. corr.   Coulomb (SR)   Coul. recip.
    2.23431e+04    4.11286e+04   -2.27330e+03   -4.01762e+05    1.36846e+03
 Position Rest.      Potential    Kinetic En.   Total Energy  Conserved En.
    4.90412e+02   -3.25951e+05    6.12935e+04   -2.64658e+05   -3.19625e+05
    Temperature Pres. DC (bar) Pressure (bar)   Constr. rmsd
    2.99994e+02   -1.53528e+02   -3.20890e+02    2.99152e-06

           Step           Time
         416000      832.00000

   Energies (kJ/mol)
           Bond          Angle    Proper Dih. Per. Imp. Dih.          LJ-14
    1.44998e+03    3.84838e+03    5.29929e+03    2.39924e+02    1.91233e+03
     Coulomb-14        LJ (SR)  Disper. corr.   Coulomb (SR)   Coul. recip.
    2.23802e+04    4.17720e+04   -2.27330e+03   -4.01871e+05    1.34479e+03
 Position Rest.      Potential    Kinetic En.   Total Energy  Conserved En.
    5.40471e+02   -3.25357e+05    6.14780e+04   -2.63879e+05   -3.19630e+05
    Temperature Pres. DC (bar) Pressure (bar)   Constr. rmsd
    3.00898e+02   -1.53528e+02   -4.00304e+02    2.99152e-06

           Step           Time
         417000      834.00000

   Energies (kJ/mol)
           Bond          Angle    Proper Dih. Per. Imp. Dih.          LJ-14
    1.47327e+03    3.73979e+03    5.27933e+03    2.83194e+02    1.86128e+03
     Coulomb-14        LJ (SR)  Disper. corr.   Coulomb (SR)   Coul. recip.
    2.22075e+04    4.14267e+04   -2.27330e+03   -4.02235e+05    1.35196e+03
 Position Rest.      Potential    Kinetic En.   Total Energy  Conserved En.
    5.11337e+02   -3.26374e+05    6.12521e+04   -2.65122e+05   -3.19660e+05
    Temperature Pres. DC (bar) Pressure (bar)   Constr. rmsd
    2.99792e+02   -1.53528e+02   -3.67216e+02    2.99152e-06

           Step           Time
         418000      836.00000

   Energies (kJ/mol)
           Bond          Angle    Proper Dih. Per. Imp. Dih.          LJ-14
    1.48166e+03    3.86584e+03    5.20202e+03    2.62554e+02    1.81836e+03
     Coulomb-14        LJ (SR)  Disper. corr.   Coulomb (SR)   Coul. recip.
    2.23038e+04    4.07844e+04   -2.27330e+03   -4.01417e+05    1.31636e+03
 Position Rest.      Potential    Kinetic En.   Total Energy  Conserved En.
    4.91227e+02   -3.26164e+05    6.09830e+04   -2.65181e+05   -3.19648e+05
    Temperature Pres. DC (bar) Pressure (bar)   Constr. rmsd
    2.98475e+02   -1.53528e+02   -6.12273e+02    2.99152e-06

           Step           Time
         419000      838.00000

   Energies (kJ/mol)
           Bond          Angle    Proper Dih. Per. Imp. Dih.          LJ-14
    1.43311e+03    3.89506e+03    5.25932e+03    2.52308e+02    1.86575e+03
     Coulomb-14        LJ (SR)  Disper. corr.   Coulomb (SR)   Coul. recip.
    2.23007e+04    4.10556e+04   -2.27330e+03   -4.01493e+05    1.27881e+03
 Position Rest.      Potential    Kinetic En.   Total Energy  Conserved En.
    5.14062e+02   -3.25911e+05    6.11196e+04   -2.64792e+05   -3.19643e+05
    Temperature Pres. DC (bar) Pressure (bar)   Constr. rmsd
    2.99143e+02   -1.53528e+02   -4.53077e+02    2.99152e-06

           Step           Time
         420000      840.00000

   Energies (kJ/mol)
           Bond          Angle    Proper Dih. Per. Imp. Dih.          LJ-14
    1.45637e+03    3.75912e+03    5.21421e+03    2.39645e+02    1.90743e+03
     Coulomb-14        LJ (SR)  Disper. corr.   Coulomb (SR)   Coul. recip.
    2.23597e+04    4.14655e+04   -2.27330e+03   -4.03001e+05    1.30218e+03
 Position Rest.      Potential    Kinetic En.   Total Energy  Conserved En.
    5.19224e+02   -3.27051e+05    6.12599e+04   -2.65791e+05   -3.19663e+05
    Temperature Pres. DC (bar) Pressure (bar)   Constr. rmsd
    2.99830e+02   -1.53528e+02   -3.37288e+02    2.99152e-06

           Step           Time
         421000      842.00000

   Energies (kJ/mol)
           Bond          Angle    Proper Dih. Per. Imp. Dih.          LJ-14
    1.46576e+03    3.74752e+03    5.23207e+03    2.61205e+02    1.83926e+03
     Coulomb-14        LJ (SR)  Disper. corr.   Coulomb (SR)   Coul. recip.
    2.23872e+04    4.04981e+04   -2.27330e+03   -4.00667e+05    1.33745e+03
 Position Rest.      Potential    Kinetic En.   Total Energy  Conserved En.
    5.03650e+02   -3.25668e+05    6.08683e+04   -2.64800e+05   -3.19658e+05
    Temperature Pres. DC (bar) Pressure (bar)   Constr. rmsd
    2.97914e+02   -1.53528e+02   -9.58650e+02    2.99152e-06

           Step           Time
         422000      844.00000

   Energies (kJ/mol)
           Bond          Angle    Proper Dih. Per. Imp. Dih.          LJ-14
    1.54878e+03    3.58044e+03    5.19245e+03    2.30766e+02    1.83929e+03
     Coulomb-14        LJ (SR)  Disper. corr.   Coulomb (SR)   Coul. recip.
    2.25383e+04    4.18181e+04   -2.27330e+03   -4.03104e+05    1.33671e+03
 Position Rest.      Potential    Kinetic En.   Total Energy  Conserved En.
    5.04791e+02   -3.26788e+05    6.11680e+04   -2.65620e+05   -3.19677e+05
    Temperature Pres. DC (bar) Pressure (bar)   Constr. rmsd
    2.99380e+02   -1.53528e+02   -7.21531e+02    2.99152e-06

           Step           Time
         423000      846.00000

   Energies (kJ/mol)
           Bond          Angle    Proper Dih. Per. Imp. Dih.          LJ-14
    1.52005e+03    3.75911e+03    5.27811e+03    2.35365e+02    1.79301e+03
     Coulomb-14        LJ (SR)  Disper. corr.   Coulomb (SR)   Coul. recip.
    2.22971e+04    4.15612e+04   -2.27330e+03   -4.02413e+05    1.29382e+03
 Position Rest.      Potential    Kinetic En.   Total Energy  Conserved En.
    5.39313e+02   -3.26409e+05    6.13275e+04   -2.65081e+05   -3.19687e+05
    Temperature Pres. DC (bar) Pressure (bar)   Constr. rmsd
    3.00161e+02   -1.53528e+02   -7.98796e+02    2.99152e-06

           Step           Time
         424000      848.00000

   Energies (kJ/mol)
           Bond          Angle    Proper Dih. Per. Imp. Dih.          LJ-14
    1.51751e+03    3.69702e+03    5.21797e+03    2.37718e+02    1.79958e+03
     Coulomb-14        LJ (SR)  Disper. corr.   Coulomb (SR)   Coul. recip.
    2.23226e+04    4.16166e+04   -2.27330e+03   -4.02486e+05    1.31877e+03
 Position Rest.      Potential    Kinetic En.   Total Energy  Conserved En.
    4.93026e+02   -3.26539e+05    6.08905e+04   -2.65648e+05   -3.19677e+05
    Temperature Pres. DC (bar) Pressure (bar)   Constr. rmsd
    2.98022e+02   -1.53528e+02   -7.10434e+02    2.99152e-06

           Step           Time
         425000      850.00000

   Energies (kJ/mol)
           Bond          Angle    Proper Dih. Per. Imp. Dih.          LJ-14
    1.58237e+03    3.79628e+03    5.14061e+03    2.60885e+02    1.91487e+03
     Coulomb-14        LJ (SR)  Disper. corr.   Coulomb (SR)   Coul. recip.
    2.23687e+04    4.12967e+04   -2.27330e+03   -4.01892e+05    1.29596e+03
 Position Rest.      Potential    Kinetic En.   Total Energy  Conserved En.
    5.39206e+02   -3.25969e+05    6.15110e+04   -2.64458e+05   -3.19686e+05
    Temperature Pres. DC (bar) Pressure (bar)   Constr. rmsd
    3.01059e+02   -1.53528e+02   -4.65196e+02    2.99152e-06

           Step           Time
         426000      852.00000

   Energies (kJ/mol)
           Bond          Angle    Proper Dih. Per. Imp. Dih.          LJ-14
    1.48263e+03    3.90579e+03    5.29287e+03    2.56586e+02    1.84605e+03
     Coulomb-14        LJ (SR)  Disper. corr.   Coulomb (SR)   Coul. recip.
    2.22624e+04    4.15404e+04   -2.27330e+03   -4.02448e+05    1.28781e+03
 Position Rest.      Potential    Kinetic En.   Total Energy  Conserved En.
    5.36321e+02   -3.26311e+05    6.13843e+04   -2.64926e+05   -3.19686e+05
    Temperature Pres. DC (bar) Pressure (bar)   Constr. rmsd
    3.00439e+02   -1.53528e+02   -8.16053e+02    2.99152e-06

           Step           Time
         427000      854.00000

   Energies (kJ/mol)
           Bond          Angle    Proper Dih. Per. Imp. Dih.          LJ-14
    1.48836e+03    3.77445e+03    5.23375e+03    3.02468e+02    1.79830e+03
     Coulomb-14        LJ (SR)  Disper. corr.   Coulomb (SR)   Coul. recip.
    2.20861e+04    4.24065e+04   -2.27330e+03   -4.02881e+05    1.26575e+03
 Position Rest.      Potential    Kinetic En.   Total Energy  Conserved En.
    4.79474e+02   -3.26319e+05    6.10858e+04   -2.65233e+05   -3.19706e+05
    Temperature Pres. DC (bar) Pressure (bar)   Constr. rmsd
    2.98978e+02   -1.53528e+02   -3.05101e+01    2.99152e-06

           Step           Time
         428000      856.00000

   Energies (kJ/mol)
           Bond          Angle    Proper Dih. Per. Imp. Dih.          LJ-14
    1.56032e+03    3.69429e+03    5.25211e+03    2.71464e+02    1.89391e+03
     Coulomb-14        LJ (SR)  Disper. corr.   Coulomb (SR)   Coul. recip.
    2.23478e+04    4.21329e+04   -2.27330e+03   -4.03511e+05    1.26717e+03
 Position Rest.      Potential    Kinetic En.   Total Energy  Conserved En.
    4.93192e+02   -3.26871e+05    6.19284e+04   -2.64943e+05   -3.19703e+05
    Temperature Pres. DC (bar) Pressure (bar)   Constr. rmsd
    3.03102e+02   -1.53528e+02    3.85436e+02    2.99152e-06

           Step           Time
         429000      858.00000

   Energies (kJ/mol)
           Bond          Angle    Proper Dih. Per. Imp. Dih.          LJ-14
    1.58170e+03    3.69454e+03    5.15394e+03    2.49244e+02    1.79752e+03
     Coulomb-14        LJ (SR)  Disper. corr.   Coulomb (SR)   Coul. recip.
    2.21776e+04    4.07839e+04   -2.27330e+03   -4.01241e+05    1.36072e+03
 Position Rest.      Potential    Kinetic En.   Total Energy  Conserved En.
    5.34396e+02   -3.26180e+05    6.21202e+04   -2.64060e+05   -3.19742e+05
    Temperature Pres. DC (bar) Pressure (bar)   Constr. rmsd
    3.04041e+02   -1.53528e+02   -3.05954e+02    2.99152e-06

           Step           Time
         430000      860.00000

   Energies (kJ/mol)
           Bond          Angle    Proper Dih. Per. Imp. Dih.          LJ-14
    1.59428e+03    3.60320e+03    5.20144e+03    2.58783e+02    1.83432e+03
     Coulomb-14        LJ (SR)  Disper. corr.   Coulomb (SR)   Coul. recip.
    2.22991e+04    4.28234e+04   -2.27330e+03   -4.03388e+05    1.31179e+03
 Position Rest.      Potential    Kinetic En.   Total Energy  Conserved En.
    5.54126e+02   -3.26181e+05    6.15587e+04   -2.64623e+05   -3.19745e+05
    Temperature Pres. DC (bar) Pressure (bar)   Constr. rmsd
    3.01293e+02   -1.53528e+02    4.78607e+02    2.99152e-06

           Step           Time
         431000      862.00000

   Energies (kJ/mol)
           Bond          Angle    Proper Dih. Per. Imp. Dih.          LJ-14
    1.61456e+03    3.74543e+03    5.21750e+03    2.95193e+02    1.83093e+03
     Coulomb-14        LJ (SR)  Disper. corr.   Coulomb (SR)   Coul. recip.
    2.22958e+04    4.02303e+04   -2.27330e+03   -4.00552e+05    1.33028e+03
 Position Rest.      Potential    Kinetic En.   Total Energy  Conserved En.
    5.24614e+02   -3.25741e+05    6.21678e+04   -2.63573e+05   -3.19738e+05
    Temperature Pres. DC (bar) Pressure (bar)   Constr. rmsd
    3.04274e+02   -1.53528e+02   -8.87226e+02    2.99152e-06

           Step           Time
         432000      864.00000

   Energies (kJ/mol)
           Bond          Angle    Proper Dih. Per. Imp. Dih.          LJ-14
    1.43964e+03    3.72997e+03    5.21753e+03    2.87770e+02    1.88118e+03
     Coulomb-14        LJ (SR)  Disper. corr.   Coulomb (SR)   Coul. recip.
    2.22711e+04    4.11245e+04   -2.27330e+03   -4.01877e+05    1.34154e+03
 Position Rest.      Potential    Kinetic En.   Total Energy  Conserved En.
    4.61386e+02   -3.26395e+05    6.11628e+04   -2.65233e+05   -3.19742e+05
    Temperature Pres. DC (bar) Pressure (bar)   Constr. rmsd
    2.99355e+02   -1.53528e+02   -6.30058e+02    2.99152e-06

           Step           Time
         433000      866.00000

   Energies (kJ/mol)
           Bond          Angle    Proper Dih. Per. Imp. Dih.          LJ-14
    1.50858e+03    3.92356e+03    5.16678e+03    2.64757e+02    1.89100e+03
     Coulomb-14        LJ (SR)  Disper. corr.   Coulomb (SR)   Coul. recip.
    2.23573e+04    4.08465e+04   -2.27330e+03   -4.01284e+05    1.32823e+03
 Position Rest.      Potential    Kinetic En.   Total Energy  Conserved En.
    5.06269e+02   -3.25765e+05    6.11719e+04   -2.64593e+05   -3.19721e+05
    Temperature Pres. DC (bar) Pressure (bar)   Constr. rmsd
    2.99399e+02   -1.53528e+02   -5.16205e+02    2.99152e-06

           Step           Time
         434000      868.00000

   Energies (kJ/mol)
           Bond          Angle    Proper Dih. Per. Imp. Dih.          LJ-14
    1.57537e+03    3.71213e+03    5.19711e+03    2.53899e+02    1.89866e+03
     Coulomb-14        LJ (SR)  Disper. corr.   Coulomb (SR)   Coul. recip.
    2.23938e+04    4.12580e+04   -2.27330e+03   -4.02783e+05    1.26086e+03
 Position Rest.      Potential    Kinetic En.   Total Energy  Conserved En.
    4.83269e+02   -3.27023e+05    6.14870e+04   -2.65536e+05   -3.19747e+05
    Temperature Pres. DC (bar) Pressure (bar)   Constr. rmsd
    3.00941e+02   -1.53528e+02   -6.91508e+02    2.99152e-06

           Step           Time
         435000      870.00000

   Energies (kJ/mol)
           Bond          Angle    Proper Dih. Per. Imp. Dih.          LJ-14
    1.47999e+03    3.77205e+03    5.23231e+03    2.65985e+02    1.81457e+03
     Coulomb-14        LJ (SR)  Disper. corr.   Coulomb (SR)   Coul. recip.
    2.24900e+04    4.13923e+04   -2.27330e+03   -4.01092e+05    1.32461e+03
 Position Rest.      Potential    Kinetic En.   Total Energy  Conserved En.
    4.86902e+02   -3.25107e+05    6.19413e+04   -2.63166e+05   -3.19753e+05
    Temperature Pres. DC (bar) Pressure (bar)   Constr. rmsd
    3.03165e+02   -1.53528e+02   -5.10194e+02    2.99152e-06

           Step           Time
         436000      872.00000

   Energies (kJ/mol)
           Bond          Angle    Proper Dih. Per. Imp. Dih.          LJ-14
    1.52251e+03    3.87909e+03    5.20950e+03    2.62807e+02    1.89370e+03
     Coulomb-14        LJ (SR)  Disper. corr.   Coulomb (SR)   Coul. recip.
    2.23427e+04    4.26370e+04   -2.27330e+03   -4.03653e+05    1.28161e+03
 Position Rest.      Potential    Kinetic En.   Total Energy  Conserved En.
    4.79969e+02   -3.26418e+05    6.14387e+04   -2.64979e+05   -3.19751e+05
    Temperature Pres. DC (bar) Pressure (bar)   Constr. rmsd
    3.00705e+02   -1.53528e+02    4.72764e+01    2.99152e-06

           Step           Time
         437000      874.00000

   Energies (kJ/mol)
           Bond          Angle    Proper Dih. Per. Imp. Dih.          LJ-14
    1.60948e+03    3.93374e+03    5.23361e+03    2.64273e+02    1.90341e+03
     Coulomb-14        LJ (SR)  Disper. corr.   Coulomb (SR)   Coul. recip.
    2.24299e+04    4.18150e+04   -2.27330e+03   -4.01858e+05    1.29196e+03
 Position Rest.      Potential    Kinetic En.   Total Energy  Conserved En.
    4.87571e+02   -3.25163e+05    6.17372e+04   -2.63426e+05   -3.19774e+05
    Temperature Pres. DC (bar) Pressure (bar)   Constr. rmsd
    3.02166e+02   -1.53528e+02   -2.79429e+02    2.99152e-06

           Step           Time
         438000      876.00000

   Energies (kJ/mol)
           Bond          Angle    Proper Dih. Per. Imp. Dih.          LJ-14
    1.51640e+03    3.82781e+03    5.23680e+03    2.94677e+02    1.85682e+03
     Coulomb-14        LJ (SR)  Disper. corr.   Coulomb (SR)   Coul. recip.
    2.23458e+04    4.15981e+04   -2.27330e+03   -4.02523e+05    1.22049e+03
 Position Rest.      Potential    Kinetic En.   Total Energy  Conserved En.
    4.90410e+02   -3.26409e+05    6.23386e+04   -2.64070e+05   -3.19773e+05
    Temperature Pres. DC (bar) Pressure (bar)   Constr. rmsd
    3.05110e+02   -1.53528e+02   -4.09810e+02    2.99152e-06

           Step           Time
         439000      878.00000

   Energies (kJ/mol)
           Bond          Angle    Proper Dih. Per. Imp. Dih.          LJ-14
    1.48548e+03    3.82079e+03    5.31045e+03    2.56727e+02    1.83509e+03
     Coulomb-14        LJ (SR)  Disper. corr.   Coulomb (SR)   Coul. recip.
    2.23308e+04    4.02504e+04   -2.27330e+03   -4.00287e+05    1.35889e+03
 Position Rest.      Potential    Kinetic En.   Total Energy  Conserved En.
    5.02629e+02   -3.25409e+05    6.13776e+04   -2.64031e+05   -3.19755e+05
    Temperature Pres. DC (bar) Pressure (bar)   Constr. rmsd
    3.00406e+02   -1.53528e+02   -2.41651e+02    2.99152e-06

           Step           Time
         440000      880.00000

   Energies (kJ/mol)
           Bond          Angle    Proper Dih. Per. Imp. Dih.          LJ-14
    1.55398e+03    3.73400e+03    5.23279e+03    2.72220e+02    1.84571e+03
     Coulomb-14        LJ (SR)  Disper. corr.   Coulomb (SR)   Coul. recip.
    2.24450e+04    4.10547e+04   -2.27330e+03   -4.02452e+05    1.28778e+03
 Position Rest.      Potential    Kinetic En.   Total Energy  Conserved En.
    4.99915e+02   -3.26799e+05    6.18326e+04   -2.64967e+05   -3.19765e+05
    Temperature Pres. DC (bar) Pressure (bar)   Constr. rmsd
    3.02633e+02   -1.53528e+02   -6.96199e+02    2.99152e-06

           Step           Time
         441000      882.00000

   Energies (kJ/mol)
           Bond          Angle    Proper Dih. Per. Imp. Dih.          LJ-14
    1.54026e+03    3.82054e+03    5.17177e+03    2.65033e+02    1.85084e+03
     Coulomb-14        LJ (SR)  Disper. corr.   Coulomb (SR)   Coul. recip.
    2.23376e+04    4.24734e+04   -2.27330e+03   -4.03618e+05    1.29256e+03
 Position Rest.      Potential    Kinetic En.   Total Energy  Conserved En.
    4.83437e+02   -3.26656e+05    6.14054e+04   -2.65251e+05   -3.19743e+05
    Temperature Pres. DC (bar) Pressure (bar)   Constr. rmsd
    3.00542e+02   -1.53528e+02   -3.66091e+02    2.99152e-06

           Step           Time
         442000      884.00000

   Energies (kJ/mol)
           Bond          Angle    Proper Dih. Per. Imp. Dih.          LJ-14
    1.59237e+03    3.82349e+03    5.24537e+03    2.48630e+02    1.80730e+03
     Coulomb-14        LJ (SR)  Disper. corr.   Coulomb (SR)   Coul. recip.
    2.22097e+04    4.15524e+04   -2.27330e+03   -4.02659e+05    1.30123e+03
 Position Rest.      Potential    Kinetic En.   Total Energy  Conserved En.
    4.97189e+02   -3.26654e+05    6.18113e+04   -2.64843e+05   -3.19766e+05
    Temperature Pres. DC (bar) Pressure (bar)   Constr. rmsd
    3.02529e+02   -1.53528e+02   -2.68952e+02    2.99152e-06

           Step           Time
         443000      886.00000

   Energies (kJ/mol)
           Bond          Angle    Proper Dih. Per. Imp. Dih.          LJ-14
    1.51075e+03    3.71275e+03    5.23780e+03    2.46677e+02    1.84613e+03
     Coulomb-14        LJ (SR)  Disper. corr.   Coulomb (SR)   Coul. recip.
    2.24094e+04    4.17932e+04   -2.27330e+03   -4.02467e+05    1.33878e+03
 Position Rest.      Potential    Kinetic En.   Total Energy  Conserved En.
    4.78926e+02   -3.26166e+05    6.15336e+04   -2.64632e+05   -3.19776e+05
    Temperature Pres. DC (bar) Pressure (bar)   Constr. rmsd
    3.01169e+02   -1.53528e+02   -5.64254e+02    2.99152e-06

           Step           Time
         444000      888.00000

   Energies (kJ/mol)
           Bond          Angle    Proper Dih. Per. Imp. Dih.          LJ-14
    1.50261e+03    3.69521e+03    5.20184e+03    2.61305e+02    1.95029e+03
     Coulomb-14        LJ (SR)  Disper. corr.   Coulomb (SR)   Coul. recip.
    2.24605e+04    4.05731e+04   -2.27330e+03   -4.01130e+05    1.36108e+03
 Position Rest.      Potential    Kinetic En.   Total Energy  Conserved En.
    5.21521e+02   -3.25876e+05    6.17956e+04   -2.64080e+05   -3.19785e+05
    Temperature Pres. DC (bar) Pressure (bar)   Constr. rmsd
    3.02452e+02   -1.53528e+02   -1.90366e+01    2.99152e-06

           Step           Time
         445000      890.00000

   Energies (kJ/mol)
           Bond          Angle    Proper Dih. Per. Imp. Dih.          LJ-14
    1.40985e+03    3.66745e+03    5.24367e+03    2.63635e+02    1.89604e+03
     Coulomb-14        LJ (SR)  Disper. corr.   Coulomb (SR)   Coul. recip.
    2.24437e+04    4.16733e+04   -2.27330e+03   -4.02055e+05    1.30060e+03
 Position Rest.      Potential    Kinetic En.   Total Energy  Conserved En.
    5.25596e+02   -3.25904e+05    6.14488e+04   -2.64456e+05   -3.19786e+05
    Temperature Pres. DC (bar) Pressure (bar)   Constr. rmsd
    3.00754e+02   -1.53528e+02   -1.91447e+02    2.99152e-06

           Step           Time
         446000      892.00000

   Energies (kJ/mol)
           Bond          Angle    Proper Dih. Per. Imp. Dih.          LJ-14
    1.62247e+03    3.73805e+03    5.16193e+03    2.49327e+02    1.83482e+03
     Coulomb-14        LJ (SR)  Disper. corr.   Coulomb (SR)   Coul. recip.
    2.22308e+04    4.10493e+04   -2.27330e+03   -4.01290e+05    1.31600e+03
 Position Rest.      Potential    Kinetic En.   Total Energy  Conserved En.
    4.86390e+02   -3.25874e+05    6.16257e+04   -2.64248e+05   -3.19793e+05
    Temperature Pres. DC (bar) Pressure (bar)   Constr. rmsd
    3.01620e+02   -1.53528e+02   -6.99284e+02    2.99152e-06

           Step           Time
         447000      894.00000

   Energies (kJ/mol)
           Bond          Angle    Proper Dih. Per. Imp. Dih.          LJ-14
    1.56672e+03    3.70683e+03    5.29092e+03    3.03106e+02    1.82022e+03
     Coulomb-14        LJ (SR)  Disper. corr.   Coulomb (SR)   Coul. recip.
    2.24684e+04    4.20264e+04   -2.27330e+03   -4.03027e+05    1.35108e+03
 Position Rest.      Potential    Kinetic En.   Total Energy  Conserved En.
    4.74437e+02   -3.26292e+05    6.16918e+04   -2.64600e+05   -3.19785e+05
    Temperature Pres. DC (bar) Pressure (bar)   Constr. rmsd
    3.01944e+02   -1.53528e+02   -1.03121e+02    2.99152e-06

           Step           Time
         448000      896.00000

   Energies (kJ/mol)
           Bond          Angle    Proper Dih. Per. Imp. Dih.          LJ-14
    1.44833e+03    3.74458e+03    5.24527e+03    2.81248e+02    1.84904e+03
     Coulomb-14        LJ (SR)  Disper. corr.   Coulomb (SR)   Coul. recip.
    2.24336e+04    4.22870e+04   -2.27330e+03   -4.03372e+05    1.31392e+03
 Position Rest.      Potential    Kinetic En.   Total Energy  Conserved En.
    5.11406e+02   -3.26530e+05    6.19879e+04   -2.64543e+05   -3.19785e+05
    Temperature Pres. DC (bar) Pressure (bar)   Constr. rmsd
    3.03393e+02   -1.53528e+02   -6.71281e+02    2.99152e-06

           Step           Time
         449000      898.00000

   Energies (kJ/mol)
           Bond          Angle    Proper Dih. Per. Imp. Dih.          LJ-14
    1.41732e+03    3.73943e+03    5.31211e+03    2.84355e+02    1.88311e+03
     Coulomb-14        LJ (SR)  Disper. corr.   Coulomb (SR)   Coul. recip.
    2.22664e+04    4.14767e+04   -2.27330e+03   -4.01955e+05    1.31694e+03
 Position Rest.      Potential    Kinetic En.   Total Energy  Conserved En.
    4.85700e+02   -3.26046e+05    6.15539e+04   -2.64492e+05   -3.19811e+05
    Temperature Pres. DC (bar) Pressure (bar)   Constr. rmsd
    3.01269e+02   -1.53528e+02   -7.00772e+01    2.99152e-06

           Step           Time
         450000      900.00000

   Energies (kJ/mol)
           Bond          Angle    Proper Dih. Per. Imp. Dih.          LJ-14
    1.59833e+03    3.73097e+03    5.29018e+03    2.74108e+02    1.87174e+03
     Coulomb-14        LJ (SR)  Disper. corr.   Coulomb (SR)   Coul. recip.
    2.23799e+04    4.22226e+04   -2.27330e+03   -4.03342e+05    1.34914e+03
 Position Rest.      Potential    Kinetic En.   Total Energy  Conserved En.
    4.54328e+02   -3.26444e+05    6.29962e+04   -2.63447e+05   -3.19793e+05
    Temperature Pres. DC (bar) Pressure (bar)   Constr. rmsd
    3.08328e+02   -1.53528e+02   -6.50391e+01    2.99152e-06

           Step           Time
         451000      902.00000

   Energies (kJ/mol)
           Bond          Angle    Proper Dih. Per. Imp. Dih.          LJ-14
    1.58943e+03    3.82180e+03    5.26042e+03    2.75802e+02    1.82107e+03
     Coulomb-14        LJ (SR)  Disper. corr.   Coulomb (SR)   Coul. recip.
    2.21889e+04    4.17062e+04   -2.27330e+03   -4.01920e+05    1.33996e+03
 Position Rest.      Potential    Kinetic En.   Total Energy  Conserved En.
    4.87028e+02   -3.25702e+05    6.12339e+04   -2.64469e+05   -3.19782e+05
    Temperature Pres. DC (bar) Pressure (bar)   Constr. rmsd
    2.99703e+02   -1.53528e+02   -7.69623e+00    2.99152e-06

           Step           Time
         452000      904.00000

   Energies (kJ/mol)
           Bond          Angle    Proper Dih. Per. Imp. Dih.          LJ-14
    1.47426e+03    3.81179e+03    5.20172e+03    2.73778e+02    1.87488e+03
     Coulomb-14        LJ (SR)  Disper. corr.   Coulomb (SR)   Coul. recip.
    2.22547e+04    4.29009e+04   -2.27330e+03   -4.03287e+05    1.30637e+03
 Position Rest.      Potential    Kinetic En.   Total Energy  Conserved En.
    5.08604e+02   -3.25953e+05    6.09591e+04   -2.64994e+05   -3.19792e+05
    Temperature Pres. DC (bar) Pressure (bar)   Constr. rmsd
    2.98358e+02   -1.53528e+02    2.29124e+02    2.99152e-06

           Step           Time
         453000      906.00000

   Energies (kJ/mol)
           Bond          Angle    Proper Dih. Per. Imp. Dih.          LJ-14
    1.52132e+03    3.75129e+03    5.27519e+03    2.57971e+02    1.83098e+03
     Coulomb-14        LJ (SR)  Disper. corr.   Coulomb (SR)   Coul. recip.
    2.23284e+04    4.08914e+04   -2.27330e+03   -4.01005e+05    1.32658e+03
 Position Rest.      Potential    Kinetic En.   Total Energy  Conserved En.
    4.71428e+02   -3.25623e+05    6.06939e+04   -2.64929e+05   -3.19798e+05
    Temperature Pres. DC (bar) Pressure (bar)   Constr. rmsd
    2.97060e+02   -1.53528e+02   -2.36980e+02    2.99152e-06

           Step           Time
         454000      908.00000

   Energies (kJ/mol)
           Bond          Angle    Proper Dih. Per. Imp. Dih.          LJ-14
    1.50082e+03    3.65696e+03    5.24442e+03    2.91845e+02    1.94001e+03
     Coulomb-14        LJ (SR)  Disper. corr.   Coulomb (SR)   Coul. recip.
    2.24094e+04    4.19698e+04   -2.27330e+03   -4.03794e+05    1.26557e+03
 Position Rest.      Potential    Kinetic En.   Total Energy  Conserved En.
    4.69414e+02   -3.27319e+05    6.14407e+04   -2.65878e+05   -3.19793e+05
    Temperature Pres. DC (bar) Pressure (bar)   Constr. rmsd
    3.00715e+02   -1.53528e+02   -4.58486e+00    2.99152e-06

           Step           Time
         455000      910.00000

   Energies (kJ/mol)
           Bond          Angle    Proper Dih. Per. Imp. Dih.          LJ-14
    1.42144e+03    3.74032e+03    5.24745e+03    2.74597e+02    1.84438e+03
     Coulomb-14        LJ (SR)  Disper. corr.   Coulomb (SR)   Coul. recip.
    2.24314e+04    4.13778e+04   -2.27330e+03   -4.02585e+05    1.29087e+03
 Position Rest.      Potential    Kinetic En.   Total Energy  Conserved En.
    4.56059e+02   -3.26774e+05    6.09486e+04   -2.65825e+05   -3.19805e+05
    Temperature Pres. DC (bar) Pressure (bar)   Constr. rmsd
    2.98306e+02   -1.53528e+02   -7.42722e+02    2.99152e-06

           Step           Time
         456000      912.00000

   Energies (kJ/mol)
           Bond          Angle    Proper Dih. Per. Imp. Dih.          LJ-14
    1.54901e+03    3.89930e+03    5.18351e+03    2.72768e+02    1.80031e+03
     Coulomb-14        LJ (SR)  Disper. corr.   Coulomb (SR)   Coul. recip.
    2.22390e+04    4.24024e+04   -2.27330e+03   -4.03313e+05    1.31259e+03
 Position Rest.      Potential    Kinetic En.   Total Energy  Conserved En.
    4.72124e+02   -3.26455e+05    6.14412e+04   -2.65014e+05   -3.19787e+05
    Temperature Pres. DC (bar) Pressure (bar)   Constr. rmsd
    3.00717e+02   -1.53528e+02   -1.21042e+02    2.99152e-06

           Step           Time
         457000      914.00000

   Energies (kJ/mol)
           Bond          Angle    Proper Dih. Per. Imp. Dih.          LJ-14
    1.55296e+03    3.81146e+03    5.30967e+03    2.92388e+02    1.81413e+03
     Coulomb-14        LJ (SR)  Disper. corr.   Coulomb (SR)   Coul. recip.
    2.21436e+04    4.21990e+04   -2.27330e+03   -4.03165e+05    1.32213e+03
 Position Rest.      Potential    Kinetic En.   Total Energy  Conserved En.
    4.73816e+02   -3.26520e+05    6.13050e+04   -2.65215e+05   -3.19812e+05
    Temperature Pres. DC (bar) Pressure (bar)   Constr. rmsd
    3.00051e+02   -1.53528e+02   -3.92078e+02    2.99152e-06

           Step           Time
         458000      916.00000

   Energies (kJ/mol)
           Bond          Angle    Proper Dih. Per. Imp. Dih.          LJ-14
    1.45549e+03    3.79177e+03    5.19506e+03    2.71779e+02    1.85069e+03
     Coulomb-14        LJ (SR)  Disper. corr.   Coulomb (SR)   Coul. recip.
    2.23727e+04    4.18882e+04   -2.27330e+03   -4.03030e+05    1.30014e+03
 Position Rest.      Potential    Kinetic En.   Total Energy  Conserved En.
    4.58358e+02   -3.26719e+05    6.11627e+04   -2.65556e+05   -3.19809e+05
    Temperature Pres. DC (bar) Pressure (bar)   Constr. rmsd
    2.99354e+02   -1.53528e+02    5.68658e+00    2.99152e-06

           Step           Time
         459000      918.00000

   Energies (kJ/mol)
           Bond          Angle    Proper Dih. Per. Imp. Dih.          LJ-14
    1.46108e+03    3.65099e+03    5.27194e+03    2.51782e+02    1.81001e+03
     Coulomb-14        LJ (SR)  Disper. corr.   Coulomb (SR)   Coul. recip.
    2.22916e+04    4.14993e+04   -2.27330e+03   -4.02637e+05    1.29843e+03
 Position Rest.      Potential    Kinetic En.   Total Energy  Conserved En.
    5.36330e+02   -3.26839e+05    6.14648e+04   -2.65374e+05   -3.19845e+05
    Temperature Pres. DC (bar) Pressure (bar)   Constr. rmsd
    3.00833e+02   -1.53528e+02   -5.12813e+01    2.99152e-06

           Step           Time
         460000      920.00000

   Energies (kJ/mol)
           Bond          Angle    Proper Dih. Per. Imp. Dih.          LJ-14
    1.55160e+03    3.82311e+03    5.22117e+03    2.28068e+02    1.89163e+03
     Coulomb-14        LJ (SR)  Disper. corr.   Coulomb (SR)   Coul. recip.
    2.23929e+04    4.10347e+04   -2.27330e+03   -4.01929e+05    1.30569e+03
 Position Rest.      Potential    Kinetic En.   Total Energy  Conserved En.
    5.10414e+02   -3.26243e+05    6.16338e+04   -2.64609e+05   -3.19815e+05
    Temperature Pres. DC (bar) Pressure (bar)   Constr. rmsd
    3.01660e+02   -1.53528e+02   -4.36445e+02    2.99152e-06

           Step           Time
         461000      922.00000

   Energies (kJ/mol)
           Bond          Angle    Proper Dih. Per. Imp. Dih.          LJ-14
    1.46747e+03    3.83528e+03    5.24241e+03    2.48944e+02    1.79057e+03
     Coulomb-14        LJ (SR)  Disper. corr.   Coulomb (SR)   Coul. recip.
    2.23766e+04    4.18044e+04   -2.27330e+03   -4.03890e+05    1.31299e+03
 Position Rest.      Potential    Kinetic En.   Total Energy  Conserved En.
    4.78790e+02   -3.27606e+05    6.07997e+04   -2.66807e+05   -3.19820e+05
    Temperature Pres. DC (bar) Pressure (bar)   Constr. rmsd
    2.97578e+02   -1.53528e+02   -3.75909e+02    2.99152e-06

           Step           Time
         462000      924.00000

   Energies (kJ/mol)
           Bond          Angle    Proper Dih. Per. Imp. Dih.          LJ-14
    1.58936e+03    3.75386e+03    5.27995e+03    2.46863e+02    1.79824e+03
     Coulomb-14        LJ (SR)  Disper. corr.   Coulomb (SR)   Coul. recip.
    2.24451e+04    4.07866e+04   -2.27330e+03   -4.01628e+05    1.30301e+03
 Position Rest.      Potential    Kinetic En.   Total Energy  Conserved En.
    4.52351e+02   -3.26246e+05    6.14915e+04   -2.64755e+05   -3.19843e+05
    Temperature Pres. DC (bar) Pressure (bar)   Constr. rmsd
    3.00963e+02   -1.53528e+02   -7.43547e+02    2.99152e-06

           Step           Time
         463000      926.00000

   Energies (kJ/mol)
           Bond          Angle    Proper Dih. Per. Imp. Dih.          LJ-14
    1.47685e+03    3.79548e+03    5.20955e+03    2.49675e+02    1.91313e+03
     Coulomb-14        LJ (SR)  Disper. corr.   Coulomb (SR)   Coul. recip.
    2.24871e+04    4.05474e+04   -2.27330e+03   -4.01010e+05    1.33199e+03
 Position Rest.      Potential    Kinetic En.   Total Energy  Conserved En.
    4.80832e+02   -3.25791e+05    6.13893e+04   -2.64402e+05   -3.19837e+05
    Temperature Pres. DC (bar) Pressure (bar)   Constr. rmsd
    3.00463e+02   -1.53528e+02    2.03903e+01    2.99152e-06

           Step           Time
         464000      928.00000

   Energies (kJ/mol)
           Bond          Angle    Proper Dih. Per. Imp. Dih.          LJ-14
    1.58049e+03    3.65211e+03    5.27772e+03    2.79647e+02    1.86258e+03
     Coulomb-14        LJ (SR)  Disper. corr.   Coulomb (SR)   Coul. recip.
    2.24347e+04    4.15705e+04   -2.27330e+03   -4.02149e+05    1.36335e+03
 Position Rest.      Potential    Kinetic En.   Total Energy  Conserved En.
    4.97535e+02   -3.25904e+05    6.19022e+04   -2.64001e+05   -3.19849e+05
    Temperature Pres. DC (bar) Pressure (bar)   Constr. rmsd
    3.02974e+02   -1.53528e+02   -1.53233e+02    2.99152e-06

           Step           Time
         465000      930.00000

   Energies (kJ/mol)
           Bond          Angle    Proper Dih. Per. Imp. Dih.          LJ-14
    1.52664e+03    3.73789e+03    5.32091e+03    2.24813e+02    1.87402e+03
     Coulomb-14        LJ (SR)  Disper. corr.   Coulomb (SR)   Coul. recip.
    2.24301e+04    4.11401e+04   -2.27330e+03   -4.01985e+05    1.40183e+03
 Position Rest.      Potential    Kinetic En.   Total Energy  Conserved En.
    4.97932e+02   -3.26104e+05    6.08211e+04   -2.65283e+05   -3.19843e+05
    Temperature Pres. DC (bar) Pressure (bar)   Constr. rmsd
    2.97682e+02   -1.53528e+02   -2.84669e+02    2.99152e-06

           Step           Time
         466000      932.00000

   Energies (kJ/mol)
           Bond          Angle    Proper Dih. Per. Imp. Dih.          LJ-14
    1.55613e+03    3.73185e+03    5.27889e+03    2.52514e+02    1.79531e+03
     Coulomb-14        LJ (SR)  Disper. corr.   Coulomb (SR)   Coul. recip.
    2.25294e+04    4.15846e+04   -2.27330e+03   -4.02038e+05    1.32159e+03
 Position Rest.      Potential    Kinetic En.   Total Energy  Conserved En.
    5.14325e+02   -3.25747e+05    6.16543e+04   -2.64093e+05   -3.19864e+05
    Temperature Pres. DC (bar) Pressure (bar)   Constr. rmsd
    3.01760e+02   -1.53528e+02   -6.15789e+01    2.99152e-06

           Step           Time
         467000      934.00000

   Energies (kJ/mol)
           Bond          Angle    Proper Dih. Per. Imp. Dih.          LJ-14
    1.50975e+03    3.81615e+03    5.21717e+03    2.72602e+02    1.87986e+03
     Coulomb-14        LJ (SR)  Disper. corr.   Coulomb (SR)   Coul. recip.
    2.23261e+04    4.20985e+04   -2.27330e+03   -4.03252e+05    1.34808e+03
 Position Rest.      Potential    Kinetic En.   Total Energy  Conserved En.
    5.28431e+02   -3.26529e+05    6.14567e+04   -2.65072e+05   -3.19874e+05
    Temperature Pres. DC (bar) Pressure (bar)   Constr. rmsd
    3.00793e+02   -1.53528e+02    2.73595e+02    2.99152e-06

           Step           Time
         468000      936.00000

   Energies (kJ/mol)
           Bond          Angle    Proper Dih. Per. Imp. Dih.          LJ-14
    1.50283e+03    3.76563e+03    5.31170e+03    2.46330e+02    1.79425e+03
     Coulomb-14        LJ (SR)  Disper. corr.   Coulomb (SR)   Coul. recip.
    2.22040e+04    4.18152e+04   -2.27330e+03   -4.03443e+05    1.34892e+03
 Position Rest.      Potential    Kinetic En.   Total Energy  Conserved En.
    5.01201e+02   -3.27226e+05    6.03408e+04   -2.66886e+05   -3.19847e+05
    Temperature Pres. DC (bar) Pressure (bar)   Constr. rmsd
    2.95332e+02   -1.53528e+02   -2.82574e+02    2.99152e-06

           Step           Time
         469000      938.00000

   Energies (kJ/mol)
           Bond          Angle    Proper Dih. Per. Imp. Dih.          LJ-14
    1.43413e+03    3.68027e+03    5.31074e+03    2.48615e+02    1.87469e+03
     Coulomb-14        LJ (SR)  Disper. corr.   Coulomb (SR)   Coul. recip.
    2.25249e+04    4.18622e+04   -2.27330e+03   -4.02743e+05    1.29992e+03
 Position Rest.      Potential    Kinetic En.   Total Energy  Conserved En.
    4.83945e+02   -3.26296e+05    6.12079e+04   -2.65089e+05   -3.19865e+05
    Temperature Pres. DC (bar) Pressure (bar)   Constr. rmsd
    2.99575e+02   -1.53528e+02   -1.09129e+02    2.99152e-06

           Step           Time
         470000      940.00000

   Energies (kJ/mol)
           Bond          Angle    Proper Dih. Per. Imp. Dih.          LJ-14
    1.40103e+03    3.59360e+03    5.17037e+03    2.75065e+02    1.90940e+03
     Coulomb-14        LJ (SR)  Disper. corr.   Coulomb (SR)   Coul. recip.
    2.24998e+04    4.13640e+04   -2.27330e+03   -4.02622e+05    1.33608e+03
 Position Rest.      Potential    Kinetic En.   Total Energy  Conserved En.
    4.51966e+02   -3.26894e+05    6.17403e+04   -2.65154e+05   -3.19885e+05
    Temperature Pres. DC (bar) Pressure (bar)   Constr. rmsd
    3.02181e+02   -1.53528e+02   -4.53628e+02    2.99152e-06

           Step           Time
         471000      942.00000

   Energies (kJ/mol)
           Bond          Angle    Proper Dih. Per. Imp. Dih.          LJ-14
    1.53121e+03    3.79509e+03    5.21740e+03    2.99380e+02    1.83304e+03
     Coulomb-14        LJ (SR)  Disper. corr.   Coulomb (SR)   Coul. recip.
    2.23142e+04    4.13081e+04   -2.27330e+03   -4.01105e+05    1.30249e+03
 Position Rest.      Potential    Kinetic En.   Total Energy  Conserved En.
    4.51045e+02   -3.25326e+05    6.08798e+04   -2.64447e+05   -3.19884e+05
    Temperature Pres. DC (bar) Pressure (bar)   Constr. rmsd
    2.97969e+02   -1.53528e+02   -3.15676e+02    2.99152e-06

           Step           Time
         472000      944.00000

   Energies (kJ/mol)
           Bond          Angle    Proper Dih. Per. Imp. Dih.          LJ-14
    1.47194e+03    3.81584e+03    5.25608e+03    2.76120e+02    1.85810e+03
     Coulomb-14        LJ (SR)  Disper. corr.   Coulomb (SR)   Coul. recip.
    2.21868e+04    4.12756e+04   -2.27330e+03   -4.01947e+05    1.30021e+03
 Position Rest.      Potential    Kinetic En.   Total Energy  Conserved En.
    4.94663e+02   -3.26285e+05    6.07998e+04   -2.65485e+05   -3.19866e+05
    Temperature Pres. DC (bar) Pressure (bar)   Constr. rmsd
    2.97578e+02   -1.53528e+02   -2.22831e+02    2.99152e-06

           Step           Time
         473000      946.00000

   Energies (kJ/mol)
           Bond          Angle    Proper Dih. Per. Imp. Dih.          LJ-14
    1.35146e+03    3.85420e+03    5.20261e+03    2.38133e+02    1.97109e+03
     Coulomb-14        LJ (SR)  Disper. corr.   Coulomb (SR)   Coul. recip.
    2.24496e+04    4.21274e+04   -2.27330e+03   -4.03277e+05    1.28653e+03
 Position Rest.      Potential    Kinetic En.   Total Energy  Conserved En.
    5.04706e+02   -3.26564e+05    6.16471e+04   -2.64917e+05   -3.19883e+05
    Temperature Pres. DC (bar) Pressure (bar)   Constr. rmsd
    3.01725e+02   -1.53528e+02   -1.30847e+01    2.99152e-06

           Step           Time
         474000      948.00000

   Energies (kJ/mol)
           Bond          Angle    Proper Dih. Per. Imp. Dih.          LJ-14
    1.49769e+03    3.79024e+03    5.22995e+03    2.52124e+02    1.93765e+03
     Coulomb-14        LJ (SR)  Disper. corr.   Coulomb (SR)   Coul. recip.
    2.23834e+04    4.16766e+04   -2.27330e+03   -4.03209e+05    1.32823e+03
 Position Rest.      Potential    Kinetic En.   Total Energy  Conserved En.
    4.68469e+02   -3.26918e+05    6.07828e+04   -2.66135e+05   -3.19880e+05
    Temperature Pres. DC (bar) Pressure (bar)   Constr. rmsd
    2.97495e+02   -1.53528e+02   -5.93415e+02    2.99152e-06

           Step           Time
         475000      950.00000

   Energies (kJ/mol)
           Bond          Angle    Proper Dih. Per. Imp. Dih.          LJ-14
    1.62010e+03    3.74261e+03    5.26830e+03    2.89571e+02    1.82204e+03
     Coulomb-14        LJ (SR)  Disper. corr.   Coulomb (SR)   Coul. recip.
    2.23149e+04    4.03464e+04   -2.27330e+03   -4.00345e+05    1.33610e+03
 Position Rest.      Potential    Kinetic En.   Total Energy  Conserved En.
    4.54292e+02   -3.25424e+05    6.12355e+04   -2.64189e+05   -3.19902e+05
    Temperature Pres. DC (bar) Pressure (bar)   Constr. rmsd
    2.99710e+02   -1.53528e+02   -3.53544e+02    2.99152e-06

           Step           Time
         476000      952.00000

   Energies (kJ/mol)
           Bond          Angle    Proper Dih. Per. Imp. Dih.          LJ-14
    1.47079e+03    3.80705e+03    5.32678e+03    2.53718e+02    1.85847e+03
     Coulomb-14        LJ (SR)  Disper. corr.   Coulomb (SR)   Coul. recip.
    2.23895e+04    4.22525e+04   -2.27330e+03   -4.03263e+05    1.36677e+03
 Position Rest.      Potential    Kinetic En.   Total Energy  Conserved En.
    4.79137e+02   -3.26332e+05    6.17893e+04   -2.64542e+05   -3.19910e+05
    Temperature Pres. DC (bar) Pressure (bar)   Constr. rmsd
    3.02421e+02   -1.53528e+02   -1.11631e+02    2.99152e-06

           Step           Time
         477000      954.00000

   Energies (kJ/mol)
           Bond          Angle    Proper Dih. Per. Imp. Dih.          LJ-14
    1.53056e+03    3.81393e+03    5.18958e+03    2.43031e+02    1.84685e+03
     Coulomb-14        LJ (SR)  Disper. corr.   Coulomb (SR)   Coul. recip.
    2.24839e+04    4.15441e+04   -2.27330e+03   -4.02212e+05    1.35110e+03
 Position Rest.      Potential    Kinetic En.   Total Energy  Conserved En.
    4.94849e+02   -3.25988e+05    6.20329e+04   -2.63955e+05   -3.19918e+05
    Temperature Pres. DC (bar) Pressure (bar)   Constr. rmsd
    3.03613e+02   -1.53528e+02    4.67900e+01    2.99152e-06

           Step           Time
         478000      956.00000

   Energies (kJ/mol)
           Bond          Angle    Proper Dih. Per. Imp. Dih.          LJ-14
    1.57844e+03    3.70258e+03    5.28329e+03    2.94707e+02    1.79788e+03
     Coulomb-14        LJ (SR)  Disper. corr.   Coulomb (SR)   Coul. recip.
    2.23517e+04    4.25486e+04   -2.27330e+03   -4.02941e+05    1.37243e+03
 Position Rest.      Potential    Kinetic En.   Total Energy  Conserved En.
    4.69779e+02   -3.25815e+05    6.13253e+04   -2.64489e+05   -3.19914e+05
    Temperature Pres. DC (bar) Pressure (bar)   Constr. rmsd
    3.00150e+02   -1.53528e+02    3.06302e+01    2.99152e-06

           Step           Time
         479000      958.00000

   Energies (kJ/mol)
           Bond          Angle    Proper Dih. Per. Imp. Dih.          LJ-14
    1.62374e+03    3.86283e+03    5.24264e+03    2.58947e+02    1.88459e+03
     Coulomb-14        LJ (SR)  Disper. corr.   Coulomb (SR)   Coul. recip.
    2.22970e+04    4.12444e+04   -2.27330e+03   -4.02364e+05    1.27430e+03
 Position Rest.      Potential    Kinetic En.   Total Energy  Conserved En.
    5.27080e+02   -3.26422e+05    6.11550e+04   -2.65267e+05   -3.19900e+05
    Temperature Pres. DC (bar) Pressure (bar)   Constr. rmsd
    2.99316e+02   -1.53528e+02   -2.26758e+02    2.99152e-06

           Step           Time
         480000      960.00000

   Energies (kJ/mol)
           Bond          Angle    Proper Dih. Per. Imp. Dih.          LJ-14
    1.53820e+03    3.72276e+03    5.22787e+03    2.68409e+02    1.87498e+03
     Coulomb-14        LJ (SR)  Disper. corr.   Coulomb (SR)   Coul. recip.
    2.24342e+04    4.04964e+04   -2.27330e+03   -4.01931e+05    1.29519e+03
 Position Rest.      Potential    Kinetic En.   Total Energy  Conserved En.
    5.47191e+02   -3.26799e+05    6.13329e+04   -2.65466e+05   -3.19914e+05
    Temperature Pres. DC (bar) Pressure (bar)   Constr. rmsd
    3.00187e+02   -1.53528e+02   -6.41994e+02    2.99152e-06

           Step           Time
         481000      962.00000

   Energies (kJ/mol)
           Bond          Angle    Proper Dih. Per. Imp. Dih.          LJ-14
    1.54873e+03    3.62728e+03    5.22828e+03    2.65475e+02    1.86398e+03
     Coulomb-14        LJ (SR)  Disper. corr.   Coulomb (SR)   Coul. recip.
    2.24853e+04    4.20056e+04   -2.27330e+03   -4.03693e+05    1.35046e+03
 Position Rest.      Potential    Kinetic En.   Total Energy  Conserved En.
    4.95448e+02   -3.27095e+05    6.16771e+04   -2.65418e+05   -3.19925e+05
    Temperature Pres. DC (bar) Pressure (bar)   Constr. rmsd
    3.01872e+02   -1.53528e+02   -3.70193e+02    2.99152e-06

           Step           Time
         482000      964.00000

   Energies (kJ/mol)
           Bond          Angle    Proper Dih. Per. Imp. Dih.          LJ-14
    1.39526e+03    3.70115e+03    5.26972e+03    2.91251e+02    1.82738e+03
     Coulomb-14        LJ (SR)  Disper. corr.   Coulomb (SR)   Coul. recip.
    2.23972e+04    4.07005e+04   -2.27330e+03   -4.02012e+05    1.30240e+03
 Position Rest.      Potential    Kinetic En.   Total Energy  Conserved En.
    4.98625e+02   -3.26902e+05    6.04781e+04   -2.66424e+05   -3.19931e+05
    Temperature Pres. DC (bar) Pressure (bar)   Constr. rmsd
    2.96004e+02   -1.53528e+02   -3.43848e+02    2.99152e-06

           Step           Time
         483000      966.00000

   Energies (kJ/mol)
           Bond          Angle    Proper Dih. Per. Imp. Dih.          LJ-14
    1.49923e+03    3.76666e+03    5.26556e+03    2.46682e+02    1.83065e+03
     Coulomb-14        LJ (SR)  Disper. corr.   Coulomb (SR)   Coul. recip.
    2.23572e+04    4.20295e+04   -2.27330e+03   -4.02714e+05    1.28485e+03
 Position Rest.      Potential    Kinetic En.   Total Energy  Conserved En.
    5.21338e+02   -3.26186e+05    6.08148e+04   -2.65371e+05   -3.19926e+05
    Temperature Pres. DC (bar) Pressure (bar)   Constr. rmsd
    2.97652e+02   -1.53528e+02   -1.11576e+02    2.99152e-06

           Step           Time
         484000      968.00000

   Energies (kJ/mol)
           Bond          Angle    Proper Dih. Per. Imp. Dih.          LJ-14
    1.41811e+03    3.67807e+03    5.23973e+03    2.60057e+02    1.81576e+03
     Coulomb-14        LJ (SR)  Disper. corr.   Coulomb (SR)   Coul. recip.
    2.23555e+04    4.14876e+04   -2.27330e+03   -4.01624e+05    1.29031e+03
 Position Rest.      Potential    Kinetic En.   Total Energy  Conserved En.
    4.93805e+02   -3.25859e+05    6.14604e+04   -2.64398e+05   -3.19946e+05
    Temperature Pres. DC (bar) Pressure (bar)   Constr. rmsd
    3.00812e+02   -1.53528e+02   -3.67769e+02    2.99152e-06

           Step           Time
         485000      970.00000

   Energies (kJ/mol)
           Bond          Angle    Proper Dih. Per. Imp. Dih.          LJ-14
    1.49659e+03    3.81912e+03    5.20859e+03    2.27373e+02    1.84834e+03
     Coulomb-14        LJ (SR)  Disper. corr.   Coulomb (SR)   Coul. recip.
    2.22527e+04    4.15791e+04   -2.27330e+03   -4.01909e+05    1.30059e+03
 Position Rest.      Potential    Kinetic En.   Total Energy  Conserved En.
    4.95039e+02   -3.25955e+05    6.08247e+04   -2.65131e+05   -3.19924e+05
    Temperature Pres. DC (bar) Pressure (bar)   Constr. rmsd
    2.97700e+02   -1.53528e+02   -6.80078e+02    2.99152e-06

           Step           Time
         486000      972.00000

   Energies (kJ/mol)
           Bond          Angle    Proper Dih. Per. Imp. Dih.          LJ-14
    1.49733e+03    3.77392e+03    5.24106e+03    2.86807e+02    1.75596e+03
     Coulomb-14        LJ (SR)  Disper. corr.   Coulomb (SR)   Coul. recip.
    2.21125e+04    4.16020e+04   -2.27330e+03   -4.02094e+05    1.36719e+03
 Position Rest.      Potential    Kinetic En.   Total Energy  Conserved En.
    5.07470e+02   -3.26224e+05    6.10722e+04   -2.65151e+05   -3.19941e+05
    Temperature Pres. DC (bar) Pressure (bar)   Constr. rmsd
    2.98911e+02   -1.53528e+02   -9.62137e+02    2.99152e-06

           Step           Time
         487000      974.00000

   Energies (kJ/mol)
           Bond          Angle    Proper Dih. Per. Imp. Dih.          LJ-14
    1.47041e+03    3.65682e+03    5.25632e+03    2.88111e+02    1.86161e+03
     Coulomb-14        LJ (SR)  Disper. corr.   Coulomb (SR)   Coul. recip.
    2.24424e+04    4.13131e+04   -2.27330e+03   -4.01742e+05    1.29186e+03
 Position Rest.      Potential    Kinetic En.   Total Energy  Conserved En.
    4.90130e+02   -3.25944e+05    6.15124e+04   -2.64432e+05   -3.19956e+05
    Temperature Pres. DC (bar) Pressure (bar)   Constr. rmsd
    3.01066e+02   -1.53528e+02   -5.51552e+02    2.99152e-06

           Step           Time
         488000      976.00000

   Energies (kJ/mol)
           Bond          Angle    Proper Dih. Per. Imp. Dih.          LJ-14
    1.57673e+03    3.77512e+03    5.30392e+03    2.27925e+02    1.81577e+03
     Coulomb-14        LJ (SR)  Disper. corr.   Coulomb (SR)   Coul. recip.
    2.22211e+04    4.24652e+04   -2.27330e+03   -4.03731e+05    1.29090e+03
 Position Rest.      Potential    Kinetic En.   Total Energy  Conserved En.
    4.45658e+02   -3.26882e+05    6.13989e+04   -2.65483e+05   -3.19933e+05
    Temperature Pres. DC (bar) Pressure (bar)   Constr. rmsd
    3.00511e+02   -1.53528e+02   -3.79301e+01    2.99152e-06

           Step           Time
         489000      978.00000

   Energies (kJ/mol)
           Bond          Angle    Proper Dih. Per. Imp. Dih.          LJ-14
    1.53952e+03    3.83515e+03    5.24385e+03    2.13825e+02    1.79688e+03
     Coulomb-14        LJ (SR)  Disper. corr.   Coulomb (SR)   Coul. recip.
    2.23534e+04    4.11288e+04   -2.27330e+03   -4.02395e+05    1.29986e+03
 Position Rest.      Potential    Kinetic En.   Total Energy  Conserved En.
    4.90615e+02   -3.26766e+05    6.13293e+04   -2.65437e+05   -3.19947e+05
    Temperature Pres. DC (bar) Pressure (bar)   Constr. rmsd
    3.00169e+02   -1.53528e+02   -7.00529e+02    2.99152e-06

           Step           Time
         490000      980.00000

   Energies (kJ/mol)
           Bond          Angle    Proper Dih. Per. Imp. Dih.          LJ-14
    1.44943e+03    3.71217e+03    5.20661e+03    2.75773e+02    1.81607e+03
     Coulomb-14        LJ (SR)  Disper. corr.   Coulomb (SR)   Coul. recip.
    2.23966e+04    4.17260e+04   -2.27330e+03   -4.03341e+05    1.29271e+03
 Position Rest.      Potential    Kinetic En.   Total Energy  Conserved En.
    5.10913e+02   -3.27228e+05    6.12338e+04   -2.65994e+05   -3.19971e+05
    Temperature Pres. DC (bar) Pressure (bar)   Constr. rmsd
    2.99702e+02   -1.53528e+02   -4.22264e+02    2.99152e-06

           Step           Time
         491000      982.00000

   Energies (kJ/mol)
           Bond          Angle    Proper Dih. Per. Imp. Dih.          LJ-14
    1.48156e+03    3.61973e+03    5.28588e+03    2.96713e+02    1.85854e+03
     Coulomb-14        LJ (SR)  Disper. corr.   Coulomb (SR)   Coul. recip.
    2.23054e+04    4.26555e+04   -2.27330e+03   -4.04175e+05    1.33546e+03
 Position Rest.      Potential    Kinetic En.   Total Energy  Conserved En.
    4.88583e+02   -3.27121e+05    6.19622e+04   -2.65158e+05   -3.19978e+05
    Temperature Pres. DC (bar) Pressure (bar)   Constr. rmsd
    3.03268e+02   -1.53528e+02    5.42874e+02    2.99152e-06

           Step           Time
         492000      984.00000

   Energies (kJ/mol)
           Bond          Angle    Proper Dih. Per. Imp. Dih.          LJ-14
    1.45021e+03    3.71875e+03    5.26456e+03    2.75710e+02    1.90863e+03
     Coulomb-14        LJ (SR)  Disper. corr.   Coulomb (SR)   Coul. recip.
    2.24793e+04    4.10062e+04   -2.27330e+03   -4.01512e+05    1.31742e+03
 Position Rest.      Potential    Kinetic En.   Total Energy  Conserved En.
    5.05782e+02   -3.25859e+05    6.09154e+04   -2.64944e+05   -3.19947e+05
    Temperature Pres. DC (bar) Pressure (bar)   Constr. rmsd
    2.98144e+02   -1.53528e+02   -1.97209e+02    2.99152e-06

           Step           Time
         493000      986.00000

   Energies (kJ/mol)
           Bond          Angle    Proper Dih. Per. Imp. Dih.          LJ-14
    1.61166e+03    3.75388e+03    5.21171e+03    2.74808e+02    1.86689e+03
     Coulomb-14        LJ (SR)  Disper. corr.   Coulomb (SR)   Coul. recip.
    2.22570e+04    4.08204e+04   -2.27330e+03   -4.01133e+05    1.39106e+03
 Position Rest.      Potential    Kinetic En.   Total Energy  Conserved En.
    5.11983e+02   -3.25707e+05    6.04666e+04   -2.65240e+05   -3.19946e+05
    Temperature Pres. DC (bar) Pressure (bar)   Constr. rmsd
    2.95947e+02   -1.53528e+02   -1.64936e+02    2.99152e-06

           Step           Time
         494000      988.00000

   Energies (kJ/mol)
           Bond          Angle    Proper Dih. Per. Imp. Dih.          LJ-14
    1.43176e+03    3.84266e+03    5.33245e+03    2.79994e+02    1.82563e+03
     Coulomb-14        LJ (SR)  Disper. corr.   Coulomb (SR)   Coul. recip.
    2.22711e+04    4.06142e+04   -2.27330e+03   -4.01299e+05    1.24702e+03
 Position Rest.      Potential    Kinetic En.   Total Energy  Conserved En.
    5.29132e+02   -3.26199e+05    6.10597e+04   -2.65139e+05   -3.19971e+05
    Temperature Pres. DC (bar) Pressure (bar)   Constr. rmsd
    2.98850e+02   -1.53528e+02   -3.23626e+02    2.99152e-06

           Step           Time
         495000      990.00000

   Energies (kJ/mol)
           Bond          Angle    Proper Dih. Per. Imp. Dih.          LJ-14
    1.40824e+03    3.71369e+03    5.22521e+03    2.70716e+02    1.87833e+03
     Coulomb-14        LJ (SR)  Disper. corr.   Coulomb (SR)   Coul. recip.
    2.24183e+04    4.21884e+04   -2.27330e+03   -4.03588e+05    1.38279e+03
 Position Rest.      Potential    Kinetic En.   Total Energy  Conserved En.
    4.77716e+02   -3.26898e+05    6.18622e+04   -2.65036e+05   -3.19971e+05
    Temperature Pres. DC (bar) Pressure (bar)   Constr. rmsd
    3.02778e+02   -1.53528e+02   -1.84326e-01    2.99152e-06

           Step           Time
         496000      992.00000

   Energies (kJ/mol)
           Bond          Angle    Proper Dih. Per. Imp. Dih.          LJ-14
    1.53229e+03    3.92904e+03    5.23703e+03    2.45120e+02    1.90736e+03
     Coulomb-14        LJ (SR)  Disper. corr.   Coulomb (SR)   Coul. recip.
    2.23958e+04    4.27608e+04   -2.27330e+03   -4.03141e+05    1.28748e+03
 Position Rest.      Potential    Kinetic En.   Total Energy  Conserved En.
    5.09436e+02   -3.25610e+05    6.17841e+04   -2.63826e+05   -3.19960e+05
    Temperature Pres. DC (bar) Pressure (bar)   Constr. rmsd
    3.02396e+02   -1.53528e+02   -9.10146e+01    2.99152e-06

           Step           Time
         497000      994.00000

   Energies (kJ/mol)
           Bond          Angle    Proper Dih. Per. Imp. Dih.          LJ-14
    1.59675e+03    3.84694e+03    5.28023e+03    2.57425e+02    1.81245e+03
     Coulomb-14        LJ (SR)  Disper. corr.   Coulomb (SR)   Coul. recip.
    2.22501e+04    4.20075e+04   -2.27330e+03   -4.02171e+05    1.31127e+03
 Position Rest.      Potential    Kinetic En.   Total Energy  Conserved En.
    4.70205e+02   -3.25612e+05    6.16656e+04   -2.63946e+05   -3.19979e+05
    Temperature Pres. DC (bar) Pressure (bar)   Constr. rmsd
    3.01816e+02   -1.53528e+02   -3.22545e+02    2.99152e-06

           Step           Time
         498000      996.00000

   Energies (kJ/mol)
           Bond          Angle    Proper Dih. Per. Imp. Dih.          LJ-14
    1.38736e+03    3.75540e+03    5.20776e+03    2.41741e+02    1.85345e+03
     Coulomb-14        LJ (SR)  Disper. corr.   Coulomb (SR)   Coul. recip.
    2.26614e+04    4.23726e+04   -2.27330e+03   -4.03614e+05    1.31623e+03
 Position Rest.      Potential    Kinetic En.   Total Energy  Conserved En.
    5.10568e+02   -3.26581e+05    6.12224e+04   -2.65359e+05   -3.19993e+05
    Temperature Pres. DC (bar) Pressure (bar)   Constr. rmsd
    2.99646e+02   -1.53528e+02    3.51960e+01    2.99152e-06

           Step           Time
         499000      998.00000

   Energies (kJ/mol)
           Bond          Angle    Proper Dih. Per. Imp. Dih.          LJ-14
    1.59429e+03    3.71607e+03    5.31541e+03    2.42123e+02    1.85480e+03
     Coulomb-14        LJ (SR)  Disper. corr.   Coulomb (SR)   Coul. recip.
    2.23545e+04    4.07337e+04   -2.27330e+03   -4.00929e+05    1.30269e+03
 Position Rest.      Potential    Kinetic En.   Total Energy  Conserved En.
    4.68374e+02   -3.25621e+05    6.10336e+04   -2.64587e+05   -3.19990e+05
    Temperature Pres. DC (bar) Pressure (bar)   Constr. rmsd
    2.98722e+02   -1.53528e+02   -7.10053e+02    2.99152e-06

           Step           Time
         500000     1000.00000

Writing checkpoint, step 500000 at Thu Aug 20 19:36:52 2026


   Energies (kJ/mol)
           Bond          Angle    Proper Dih. Per. Imp. Dih.          LJ-14
    1.53681e+03    3.88289e+03    5.32541e+03    2.42791e+02    1.85548e+03
     Coulomb-14        LJ (SR)  Disper. corr.   Coulomb (SR)   Coul. recip.
    2.23072e+04    4.10840e+04   -2.27330e+03   -4.01811e+05    1.38380e+03
 Position Rest.      Potential    Kinetic En.   Total Energy  Conserved En.
    4.86372e+02   -3.25980e+05    6.16568e+04   -2.64323e+05   -3.19995e+05
    Temperature Pres. DC (bar) Pressure (bar)   Constr. rmsd
    3.01773e+02   -1.53528e+02   -7.01871e+02    2.99152e-06


Energy conservation over simulation part #1 of length 1000 ps, time 0 to 1000 ps
  Conserved energy drift: -4.39e-05 kJ/mol/ps per atom


	<======  ###############  ==>
	<====  A V E R A G E S  ====>
	<==  ###############  ======>

	Statistics over 500001 steps using 5001 frames

   Energies (kJ/mol)
           Bond          Angle    Proper Dih. Per. Imp. Dih.          LJ-14
    1.51224e+03    3.77211e+03    5.24016e+03    2.64359e+02    1.85119e+03
     Coulomb-14        LJ (SR)  Disper. corr.   Coulomb (SR)   Coul. recip.
    2.23460e+04    4.15237e+04   -2.27330e+03   -4.02307e+05    1.31350e+03
 Position Rest.      Potential    Kinetic En.   Total Energy  Conserved En.
    4.97912e+02   -3.26259e+05    6.12932e+04   -2.64966e+05   -3.19098e+05
    Temperature Pres. DC (bar) Pressure (bar)   Constr. rmsd
    2.99993e+02   -1.53528e+02   -3.47643e+02    0.00000e+00

   Total Virial (kJ/mol)
    2.27207e+04   -3.31985e+01    9.39784e+01
   -3.32002e+01    2.31461e+04    1.70018e+02
    9.39791e+01    1.70017e+02    2.31547e+04

   Pressure (bar)
   -3.06788e+02    6.47017e+00   -1.55701e+01
    6.47040e+00   -3.67473e+02   -2.10292e+01
   -1.55702e+01   -2.10291e+01   -3.68668e+02

      T-Protein  T-non-Protein
    3.00155e+02    2.99976e+02


	M E G A - F L O P S   A C C O U N T I N G

 NB=Group-cutoff nonbonded kernels    NxN=N-by-N cluster Verlet kernels
 RF=Reaction-Field  VdW=Van der Waals  QSTab=quadratic-spline table
 W3=SPC/TIP3p  W4=TIP4p (single or pairs)
 V&F=Potential and force  V=Potential only  F=Force only

 Computing:                               M-Number         M-Flops  % Flops
-----------------------------------------------------------------------------
 Pair Search distance check           14740.826432      132667.438     0.0
 NxN Ewald Elec. + LJ [F]          14976507.984768  1168167622.812    98.2
 NxN Ewald Elec. + LJ [V&F]          151308.177856    19518754.943     1.6
 1,4 nonbonded interactions            2494.504989      224505.449     0.0
 Shift-X                                120.299055         721.794     0.0
 Bonds                                  514.001028       30326.061     0.0
 Angles                                1728.503457      290388.581     0.0
 Propers                               2710.505421      620705.741     0.1
 Impropers                              215.500431       44824.090     0.0
 Pos. Restr.                            497.500995       24875.050     0.0
 Virial                                 120.524100        2169.434     0.0
 Stop-CM                                120.323110        1203.231     0.0
 Calc-Ekin                             2405.548110       64949.799     0.0
 Lincs                                    0.001810           0.109     0.0
 Lincs-Mat                                0.008472           0.034     0.0
 Constraint-V                             0.023920           0.215     0.0
 Settle                                   0.014740           5.454     0.0
-----------------------------------------------------------------------------
 Total                                              1189123720.234   100.0
-----------------------------------------------------------------------------


      R E A L   C Y C L E   A N D   T I M E   A C C O U N T I N G

On 1 MPI rank, each using 24 OpenMP threads

 Activity:              Num   Num      Call    Wall time         Giga-Cycles
                        Ranks Threads  Count      (s)         total sum    %
--------------------------------------------------------------------------------
 Neighbor search           1   24       5001       3.899        197.618   2.0
 Launch PP GPU ops.        1   24     995001       9.902        501.889   5.2
 Force                     1   24     500001      38.481       1950.543  20.2
 PME GPU mesh              1   24     500001       8.029        406.965   4.2
 Wait Bonded GPU           1   24       5001       0.003          0.171   0.0
 Wait GPU NB local         1   24     500001       2.569        130.216   1.3
 Wait GPU state copy       1   24    1115003     121.440       6155.549  63.7
 NB X/F buffer ops.        1   24       5001       0.119          6.056   0.1
 Write traj.               1   24        101       0.116          5.858   0.1
 Constraints               1   24          2       0.000          0.016   0.0
 GPU constr. setup         1   24          1       0.000          0.021   0.0
 Kinetic energy            1   24     100001       3.029        153.513   1.6
 Rest                                              2.964        150.249   1.6
--------------------------------------------------------------------------------
 Total                                           190.551       9658.665 100.0
--------------------------------------------------------------------------------
 Breakdown of PME mesh activities
--------------------------------------------------------------------------------
 Wait PME GPU gather       1   24     500001       0.266         13.493   0.1
 Reduce GPU PME F          1   24     500001       0.114          5.755   0.1
 Launch PME GPU ops.       1   24    4000013       7.401        375.157   3.9
--------------------------------------------------------------------------------

               Core t (s)   Wall t (s)        (%)
       Time:     4573.187      190.551     2400.0
                 (ns/day)    (hour/ns)
Performance:      453.422        0.053
Finished mdrun on rank 0 Thu Aug 20 19:36:52 2026

